-- MySQL dump 10.13  Distrib 5.5.62, for Win64 (AMD64)
--
-- Host: localhost    Database: servicedesk_2.0
-- ------------------------------------------------------
-- Server version	5.7.36

/*!40101 SET @OLD_CHARACTER_SET_CLIENT=@@CHARACTER_SET_CLIENT */;
/*!40101 SET @OLD_CHARACTER_SET_RESULTS=@@CHARACTER_SET_RESULTS */;
/*!40101 SET @OLD_COLLATION_CONNECTION=@@COLLATION_CONNECTION */;
/*!40101 SET NAMES utf8 */;
/*!40103 SET @OLD_TIME_ZONE=@@TIME_ZONE */;
/*!40103 SET TIME_ZONE='+00:00' */;
/*!40014 SET @OLD_UNIQUE_CHECKS=@@UNIQUE_CHECKS, UNIQUE_CHECKS=0 */;
/*!40014 SET @OLD_FOREIGN_KEY_CHECKS=@@FOREIGN_KEY_CHECKS, FOREIGN_KEY_CHECKS=0 */;
/*!40101 SET @OLD_SQL_MODE=@@SQL_MODE, SQL_MODE='NO_AUTO_VALUE_ON_ZERO' */;
/*!40111 SET @OLD_SQL_NOTES=@@SQL_NOTES, SQL_NOTES=0 */;

--
-- Table structure for table `reff_sjns_pelayanan`
--

DROP TABLE IF EXISTS `reff_sjns_pelayanan`;
/*!40101 SET @saved_cs_client     = @@character_set_client */;
/*!40101 SET character_set_client = utf8 */;
CREATE TABLE `reff_sjns_pelayanan` (
  `id_sjns_pelayanan` int(11) NOT NULL,
  `id_pelayanan` int(11) NOT NULL,
  `jenis_pelayanan` varchar(150) NOT NULL,
  PRIMARY KEY (`id_sjns_pelayanan`)
) ENGINE=InnoDB DEFAULT CHARSET=latin1;
/*!40101 SET character_set_client = @saved_cs_client */;

--
-- Dumping data for table `reff_sjns_pelayanan`
--

LOCK TABLES `reff_sjns_pelayanan` WRITE;
/*!40000 ALTER TABLE `reff_sjns_pelayanan` DISABLE KEYS */;
INSERT INTO `reff_sjns_pelayanan` VALUES (1,1,'Permintaan Hosting'),(2,1,'Permintaan Tambah/Ganti Subdomain'),(3,1,'Colocation Server'),(4,1,'Permintaan Video Conference'),(5,2,'Gangguan Jaringan Internet/Intranet (WAN)'),(6,2,'Gangguan Aplikasi/Web'),(7,2,'Permohonan Penambahan Lokasi Internet, Intranet & Akses Point (WAN)'),(8,3,'Instalasi/Upgrade OS'),(9,3,'Instalasi/Upgrade Software'),(10,3,'Lisensi Software/OS'),(11,3,'Penghapusan/Uninstal Software'),(12,3,'Perbaikan Software/Aplikasi/OS'),(13,3,'Perbaikan PC / Printer / Perangkat Lain'),(14,4,'Konsultasi Aplikasi'),(15,4,'Konsultasi Email'),(16,5,'Permohonan Penetration Test Aplikasi'),(17,4,'Persuratan Dinas Elektroink (SiMaya)'),(18,5,'Layanan Insiden Keamanan Informasi (CSIRT)'),(19,5,'Layanan Penerbitan Sertifikat Elektronik'),(20,4,'Email Pemerintah Provinsi Jabar'),(21,2,'Pembuatan Virtual Private Server'),(23,2,'Penambahan / Perubahahn IP Address'),(24,2,'Akses Server'),(25,2,'Permintaan Server'),(26,2,'Pembuatan Virtual Server (VM)'),(27,1,'Pendampingan Tenaga Teknis'),(28,2,'Penyediaan IP LAN'),(29,1,'Kelistrikan'),(30,2,'Penambahan Bandwidth'),(31,2,'Sertifikat SSL'),(32,2,'Penambahan Maksimum Upload'),(33,2,'Instalasi Perangkat'),(34,2,'Website'),(35,2,'Penambahan Kapasitas (Harddisk, dll..)'),(36,1,'Deaktivasi Subdomain'),(37,4,'Basisdata Aplikasi'),(38,2,'Open Port'),(39,1,'Username dan Password'),(40,2,'Staging Server');
/*!40000 ALTER TABLE `reff_sjns_pelayanan` ENABLE KEYS */;
UNLOCK TABLES;

--
-- Table structure for table `timeline`
--

DROP TABLE IF EXISTS `timeline`;
/*!40101 SET @saved_cs_client     = @@character_set_client */;
/*!40101 SET character_set_client = utf8 */;
CREATE TABLE `timeline` (
  `id` int(11) NOT NULL AUTO_INCREMENT,
  `timeline_date` date DEFAULT NULL,
  `tiket_id` int(11) DEFAULT NULL,
  `created_at` varchar(45) DEFAULT NULL,
  `updated_at` varchar(45) DEFAULT NULL,
  PRIMARY KEY (`id`)
) ENGINE=InnoDB AUTO_INCREMENT=63 DEFAULT CHARSET=utf8mb4;
/*!40101 SET character_set_client = @saved_cs_client */;

--
-- Dumping data for table `timeline`
--

LOCK TABLES `timeline` WRITE;
/*!40000 ALTER TABLE `timeline` DISABLE KEYS */;
INSERT INTO `timeline` VALUES (1,'2021-11-08',NULL,'2021-11-08 04:15:44','2021-11-08 04:15:44'),(2,'2021-11-08',1,'2021-11-08 04:17:00','2021-11-08 04:17:00'),(3,'2021-11-10',2,'2021-11-10 20:23:37','2021-11-10 20:23:37'),(4,'2021-11-10',1,'2021-11-10 22:31:56','2021-11-10 22:31:56'),(5,'2021-11-11',3,'2021-11-11 09:59:39','2021-11-11 09:59:39'),(6,'2021-11-18',3,'2021-11-18 22:55:03','2021-11-18 22:55:03'),(7,'2021-11-19',3,'2021-11-19 09:12:06','2021-11-19 09:12:06'),(8,'2021-11-19',4,'2021-11-19 15:02:36','2021-11-19 15:02:36'),(9,'2021-11-19',5,'2021-11-19 15:27:23','2021-11-19 15:27:23'),(10,'2021-11-26',6,'2021-11-26 14:20:35','2021-11-26 14:20:35'),(11,'2021-11-26',7,'2021-11-26 14:21:29','2021-11-26 14:21:29'),(12,'2021-11-26',8,'2021-11-26 14:27:46','2021-11-26 14:27:46'),(13,'2021-11-26',9,'2021-11-26 16:10:30','2021-11-26 16:10:30'),(14,'2021-11-29',10,'2021-11-29 09:04:45','2021-11-29 09:04:45'),(15,'2021-11-29',11,'2021-11-29 11:52:56','2021-11-29 11:52:56'),(16,'2021-11-29',12,'2021-11-29 13:31:04','2021-11-29 13:31:04'),(17,'2021-11-30',12,'2021-11-30 23:00:09','2021-11-30 23:00:09'),(18,'2021-12-01',12,'2021-12-01 00:26:14','2021-12-01 00:26:14'),(19,'2021-12-01',13,'2021-12-01 03:22:29','2021-12-01 03:22:29'),(20,'2021-12-01',3,'2021-12-01 03:43:17','2021-12-01 03:43:17'),(21,'2021-12-01',11,'2021-12-01 07:52:34','2021-12-01 07:52:34'),(22,'2021-12-01',2,'2021-12-01 10:22:15','2021-12-01 10:22:15'),(23,'2021-12-01',14,'2021-12-01 10:39:42','2021-12-01 10:39:42'),(24,'2021-12-03',14,'2021-12-03 09:47:44','2021-12-03 09:47:44'),(25,'2021-12-06',11,'2021-12-06 05:40:07','2021-12-06 05:40:07'),(26,'2021-12-06',15,'2021-12-06 07:31:49','2021-12-06 07:31:49'),(27,'2021-12-06',14,'2021-12-06 09:53:42','2021-12-06 09:53:42'),(28,'2021-12-06',16,'2021-12-06 15:42:21','2021-12-06 15:42:21'),(29,'2021-12-07',17,'2021-12-07 20:12:39','2021-12-07 20:12:39'),(30,'2021-12-07',18,'2021-12-07 20:35:44','2021-12-07 20:35:44'),(31,'2021-12-08',18,'2021-12-08 04:29:03','2021-12-08 04:29:03'),(32,'2021-12-08',19,'2021-12-08 06:01:15','2021-12-08 06:01:15'),(33,'2021-12-09',20,'2021-12-09 13:57:59','2021-12-09 13:57:59'),(34,'2021-12-09',21,'2021-12-09 16:00:43','2021-12-09 16:00:43'),(35,'2021-12-09',22,'2021-12-09 16:05:52','2021-12-09 16:05:52'),(36,'2021-12-09',23,'2021-12-09 16:09:09','2021-12-09 16:09:09'),(37,'2021-12-09',24,'2021-12-09 16:33:48','2021-12-09 16:33:48'),(38,'2021-12-10',25,'2021-12-10 08:22:35','2021-12-10 08:22:35'),(39,'2021-12-10',24,'2021-12-10 09:46:24','2021-12-10 09:46:24'),(40,'2021-12-10',26,'2021-12-10 14:06:22','2021-12-10 14:06:22'),(41,'2021-12-10',27,'2021-12-10 14:52:43','2021-12-10 14:52:43'),(42,'2021-12-10',28,'2021-12-10 19:45:45','2021-12-10 19:45:45'),(43,'2021-12-10',29,'2021-12-10 20:23:08','2021-12-10 20:23:08'),(44,'2021-12-10',30,'2021-12-10 20:47:58','2021-12-10 20:47:58'),(45,'2021-12-11',31,'2021-12-11 05:55:54','2021-12-11 05:55:54'),(46,'2021-12-11',32,'2021-12-11 06:14:48','2021-12-11 06:14:48'),(47,'2021-12-11',33,'2021-12-11 06:37:13','2021-12-11 06:37:13'),(48,'2021-12-11',34,'2021-12-11 06:39:19','2021-12-11 06:39:19'),(49,'2021-12-11',35,'2021-12-11 06:53:38','2021-12-11 06:53:38'),(50,'2021-12-16',39,'2021-12-16 01:13:53','2021-12-16 01:13:53'),(52,'2021-12-20',42,'2021-12-20 01:35:52','2021-12-20 01:35:52'),(53,'2021-12-21',30,'2021-12-21 13:29:10','2021-12-21 13:29:10'),(54,'2021-12-21',39,'2021-12-21 13:44:12','2021-12-21 13:44:12'),(55,'2021-12-21',38,'2021-12-21 13:53:26','2021-12-21 13:53:26'),(56,'2021-12-21',33,'2021-12-21 18:48:40','2021-12-21 18:48:40'),(57,'2021-12-24',43,'2021-12-24 02:00:05','2021-12-24 02:00:05'),(58,'2021-12-28',43,'2021-12-28 22:48:50','2021-12-28 22:48:50'),(59,'2021-12-29',44,'2021-12-29 06:56:25','2021-12-29 06:56:25'),(60,'2021-12-29',45,'2021-12-29 07:08:04','2021-12-29 07:08:04'),(61,'2021-12-30',45,'2021-12-30 00:36:43','2021-12-30 00:36:43'),(62,'2022-01-06',47,'2022-01-06 14:31:31','2022-01-06 14:31:31');
/*!40000 ALTER TABLE `timeline` ENABLE KEYS */;
UNLOCK TABLES;

--
-- Table structure for table `jabatan`
--

DROP TABLE IF EXISTS `jabatan`;
/*!40101 SET @saved_cs_client     = @@character_set_client */;
/*!40101 SET character_set_client = utf8 */;
CREATE TABLE `jabatan` (
  `id_jabatan` int(11) NOT NULL AUTO_INCREMENT,
  `jabatan` varchar(70) NOT NULL,
  PRIMARY KEY (`id_jabatan`)
) ENGINE=InnoDB AUTO_INCREMENT=7 DEFAULT CHARSET=latin1;
/*!40101 SET character_set_client = @saved_cs_client */;

--
-- Dumping data for table `jabatan`
--

LOCK TABLES `jabatan` WRITE;
/*!40000 ALTER TABLE `jabatan` DISABLE KEYS */;
INSERT INTO `jabatan` VALUES (1,'Staff'),(2,'Kepala Seksi/Sub Bagian'),(3,'Kepala Bidang'),(4,'Admin Jaringan'),(5,'Admin Web/Aplikasi'),(6,'Pengelola Jaringan');
/*!40000 ALTER TABLE `jabatan` ENABLE KEYS */;
UNLOCK TABLES;

--
-- Table structure for table `komentar`
--

DROP TABLE IF EXISTS `komentar`;
/*!40101 SET @saved_cs_client     = @@character_set_client */;
/*!40101 SET character_set_client = utf8 */;
CREATE TABLE `komentar` (
  `id_komen` int(11) NOT NULL AUTO_INCREMENT,
  `id_pelayanan` int(11) NOT NULL,
  `id_user` bigint(20) NOT NULL,
  `tgl_komen` datetime DEFAULT NULL,
  `komentar` text,
  PRIMARY KEY (`id_komen`)
) ENGINE=InnoDB DEFAULT CHARSET=latin1;
/*!40101 SET character_set_client = @saved_cs_client */;

--
-- Dumping data for table `komentar`
--

LOCK TABLES `komentar` WRITE;
/*!40000 ALTER TABLE `komentar` DISABLE KEYS */;
/*!40000 ALTER TABLE `komentar` ENABLE KEYS */;
UNLOCK TABLES;

--
-- Table structure for table `reff_infrastruktur`
--

DROP TABLE IF EXISTS `reff_infrastruktur`;
/*!40101 SET @saved_cs_client     = @@character_set_client */;
/*!40101 SET character_set_client = utf8 */;
CREATE TABLE `reff_infrastruktur` (
  `id_infrastruktur` varchar(20) NOT NULL,
  `infrastruktur` varchar(70) NOT NULL,
  PRIMARY KEY (`id_infrastruktur`)
) ENGINE=InnoDB DEFAULT CHARSET=latin1;
/*!40101 SET character_set_client = @saved_cs_client */;

--
-- Dumping data for table `reff_infrastruktur`
--

LOCK TABLES `reff_infrastruktur` WRITE;
/*!40000 ALTER TABLE `reff_infrastruktur` DISABLE KEYS */;
INSERT INTO `reff_infrastruktur` VALUES ('INF-01','Server'),('INF-02','Access Point'),('INF-03','Virtual Server'),('INF-04','Rak'),('INF-05','Perangkat Jaringan'),('INF-06','Storage'),('INF-07','Switch'),('INF-08','NAS'),('INF-09','Router');
/*!40000 ALTER TABLE `reff_infrastruktur` ENABLE KEYS */;
UNLOCK TABLES;

--
-- Table structure for table `agent_task_attachment`
--

DROP TABLE IF EXISTS `agent_task_attachment`;
/*!40101 SET @saved_cs_client     = @@character_set_client */;
/*!40101 SET character_set_client = utf8 */;
CREATE TABLE `agent_task_attachment` (
  `id` int(11) NOT NULL AUTO_INCREMENT,
  `filename` varchar(100) DEFAULT NULL,
  `agent_task_id` varchar(100) DEFAULT NULL,
  `pelayanan_id` int(11) DEFAULT NULL,
  `created_at` timestamp NULL DEFAULT NULL,
  `updated_at` timestamp NULL DEFAULT NULL,
  PRIMARY KEY (`id`)
) ENGINE=InnoDB AUTO_INCREMENT=42 DEFAULT CHARSET=utf8mb4;
/*!40101 SET character_set_client = @saved_cs_client */;

--
-- Dumping data for table `agent_task_attachment`
--

LOCK TABLES `agent_task_attachment` WRITE;
/*!40000 ALTER TABLE `agent_task_attachment` DISABLE KEYS */;
INSERT INTO `agent_task_attachment` VALUES (11,'aoDc320211208060610.png','17',19,'2021-12-07 23:06:10','2021-12-07 23:06:10'),(12,'gd1tx20211208084213.docx','19',19,'2021-12-08 01:42:13','2021-12-08 01:42:13'),(13,'VNrL620211208084308.docx','20',19,'2021-12-08 01:43:08','2021-12-08 01:43:08'),(14,'6zIXq20211208102849.png','32',19,'2021-12-08 03:28:49','2021-12-08 03:28:49'),(15,'20211209020054_20211209101752_Daftar_Hadir_Raefaldhi_(1).docx','36',20,'2021-12-09 07:00:54','2021-12-09 07:00:54'),(16,'20211209020314_20211209100747_SSO.pptx.pptx','39',20,'2021-12-09 07:03:14','2021-12-09 07:03:14'),(17,'20211209041450_pexels-lisa-722024.jpg','41',21,'2021-12-09 09:14:50','2021-12-09 09:14:50'),(18,'20211209042444_pexels-pixabay-33545.jpg','43',22,'2021-12-09 09:24:44','2021-12-09 09:24:44'),(19,'20211210094624_Muda,_Kreatif,_dan_Tangguh_di_Ruang_Siber.pdf','44',24,'2021-12-10 02:46:24','2021-12-10 02:46:24'),(20,'20211210095235_pexels-jonathan-petersson-1237119.jpg','45',24,'2021-12-10 02:52:35','2021-12-10 02:52:35'),(21,'20211210101342_pexels-jonathan-petersson-1237119.jpg','47',24,'2021-12-10 03:13:42','2021-12-10 03:13:42'),(22,'20211210101442_WhatsApp_Image_2021-12-07_at_09.52.06.jpeg','48',24,'2021-12-10 03:14:42','2021-12-10 03:14:42'),(23,'20211210101541_sd1.png','49',24,'2021-12-10 03:15:41','2021-12-10 03:15:41'),(24,'20211210101956_pexels-pixabay-33545.jpg','51',24,'2021-12-10 03:19:56','2021-12-10 03:19:56'),(25,'20211210030237_Pembuatan_List_Pengerjaan_Service_Desk_8-12-2021_(13.00-16.00).pdf','54',27,'2021-12-10 08:02:37','2021-12-10 08:02:37'),(26,'20211210071354_Pembuatan_List_Pengerjaan_Service_Desk_8-12-2021_(10.00-12.00).pdf','55',27,'2021-12-10 12:13:54','2021-12-10 12:13:54'),(27,'20211210071556_Reboan_8-12-2021_(8.00-10.00).pdf','56',27,'2021-12-10 12:15:56','2021-12-10 12:15:56'),(28,'20211210092007_20211208-2021-12-08inbox_files164159.pdf','58',29,'2021-12-10 14:20:07','2021-12-10 14:20:07'),(29,'20211210094632_Koordinasi_terkait_Aplikasi_Service_Desk-3.pdf','60',29,'2021-12-10 14:46:32','2021-12-10 14:46:32'),(30,'20211210100752_Pembuatan_List_Pengerjaan_Service_Desk_8-12-2021_(13.00-16.00).pdf','62',29,'2021-12-10 15:07:52','2021-12-10 15:07:52'),(31,'20211210101942_1638961047_signed.pdf','65',29,'2021-12-10 15:19:42','2021-12-10 15:19:42'),(32,'20211214102550_Qh7K920211210032212.pdf','70',35,'2021-12-14 03:25:50','2021-12-14 03:25:50'),(33,'20211220021630_SURAT_EDARAN.pdf','72',42,'2021-12-19 19:16:30','2021-12-19 19:16:30'),(34,'20211224041944_king-head-vector-logo-icon_43623-454.jpg','75',43,'2021-12-23 21:19:44','2021-12-23 21:19:44'),(35,'20211224042226_download.jfif','77',43,'2021-12-23 21:22:26','2021-12-23 21:22:26'),(36,'20211224051553_d9LGm20211221073226.pdf','78',43,'2021-12-23 22:15:53','2021-12-23 22:15:53'),(37,'20211224053200_SURAT_EDARAN.pdf','80',43,'2021-12-23 22:32:00','2021-12-23 22:32:00'),(38,'20211224112342_JADWAL_PTS-S1-2122_(1).pdf','83',43,'2021-12-24 04:23:42','2021-12-24 04:23:42'),(39,'20211224112501_Sertifikat_Imunologi.pdf','84',43,'2021-12-24 04:25:01','2021-12-24 04:25:01'),(40,'20211224013505_20211224053200_SURAT_EDARAN.pdf','85',34,'2021-12-24 06:35:05','2021-12-24 06:35:05'),(41,'20211224013827_d9LGm20211221073226.pdf','86',34,'2021-12-24 06:38:27','2021-12-24 06:38:27');
/*!40000 ALTER TABLE `agent_task_attachment` ENABLE KEYS */;
UNLOCK TABLES;

--
-- Table structure for table `chat_support`
--

DROP TABLE IF EXISTS `chat_support`;
/*!40101 SET @saved_cs_client     = @@character_set_client */;
/*!40101 SET character_set_client = utf8 */;
CREATE TABLE `chat_support` (
  `id` int(11) NOT NULL AUTO_INCREMENT,
  `chat` text,
  `user_id` varchar(140) DEFAULT NULL,
  `pelayanan_id` int(11) DEFAULT NULL,
  `created_at` timestamp NULL DEFAULT NULL,
  `updated_at` timestamp NULL DEFAULT NULL,
  PRIMARY KEY (`id`)
) ENGINE=InnoDB AUTO_INCREMENT=50 DEFAULT CHARSET=utf8mb4;
/*!40101 SET character_set_client = @saved_cs_client */;

--
-- Dumping data for table `chat_support`
--

LOCK TABLES `chat_support` WRITE;
/*!40000 ALTER TABLE `chat_support` DISABLE KEYS */;
INSERT INTO `chat_support` VALUES (16,'hi','199701302020122012',19,'2021-12-09 02:57:34','2021-12-09 02:57:34'),(17,'Berikut Lampiran yang valid Tolong Di cek','199701302020122012',19,'2021-12-09 03:07:47','2021-12-09 03:07:47'),(18,'Hi','199701302020122012',19,'2021-12-09 03:09:03','2021-12-09 03:09:03'),(19,'Ini Datanya','199701302020122012',19,'2021-12-09 03:12:28','2021-12-09 03:12:28'),(20,'Ini Kenapa ya','199701302020122012',19,'2021-12-09 03:14:13','2021-12-09 03:14:13'),(21,'WA','199701302020122012',19,'2021-12-09 03:14:37','2021-12-09 03:14:37'),(22,'Ini Ada masalah apa?','100120210107',19,'2021-12-09 03:17:52','2021-12-09 03:17:52'),(23,'test','199701302020122012',19,'2021-12-09 05:53:49','2021-12-09 05:53:49'),(24,'tes','100120210107',19,'2021-12-09 08:53:33','2021-12-09 08:53:33'),(25,'maaf saya lupa melampirkan surat dinas, ini menyusul','199701302020122012',23,'2021-12-10 01:20:38','2021-12-10 01:20:38'),(26,'maaf saya lupa melampirkan surat dinas, ini menyusul','199701302020122012',24,'2021-12-10 02:35:33','2021-12-10 02:35:33'),(27,'tolong lengkapi form berikut','100120210107',24,'2021-12-10 02:48:16','2021-12-10 02:48:16'),(28,'ok','1',23,'2021-12-10 03:21:37','2021-12-10 03:21:37'),(29,'Test','120520191023',22,'2021-12-10 06:07:13','2021-12-10 06:07:13'),(30,'Berkas udah lengkap','250420211210',26,'2021-12-10 07:34:02','2021-12-10 07:34:02'),(31,'oke pak','199701302020122012',26,'2021-12-10 07:35:07','2021-12-10 07:35:07'),(32,'sip','250420211210',27,'2021-12-10 07:53:36','2021-12-10 07:53:36'),(33,'ok','199701302020122012',27,'2021-12-10 07:53:52','2021-12-10 07:53:52'),(34,'datanya kurang data dataan Pak','730420191104',27,'2021-12-10 08:01:14','2021-12-10 08:01:14'),(35,'oke aku kirim lagi nih','199701302020122012',27,'2021-12-10 08:01:37','2021-12-10 08:01:37'),(36,'username dan password kamu udah di email kamu ya','730420191104',24,'2021-12-10 08:03:29','2021-12-10 08:03:29'),(37,'username dan password kamu udah di email kamu ya','730420191104',27,'2021-12-10 08:05:42','2021-12-10 08:05:42'),(38,'oke di acc','100520191213',29,'2021-12-10 13:34:12','2021-12-10 13:34:12'),(39,NULL,'100520191213',29,'2021-12-10 13:34:24','2021-12-10 13:34:24'),(40,'username dan password kamu udah di email kamu ya','140120211210',29,'2021-12-10 14:42:06','2021-12-10 14:42:06'),(41,'oke udah aku setor ke repo ya','100420191126',29,'2021-12-10 14:44:02','2021-12-10 14:44:02'),(42,'sip udah di cek','140120211210',29,'2021-12-10 14:44:18','2021-12-10 14:44:18'),(43,'username dan password sudah dikirim di email terdaftar terimakasih','730420191104',34,'2021-12-10 23:45:14','2021-12-10 23:45:14'),(44,'username dan password kamu udah di email kamu ya','730420191104',35,'2021-12-10 23:57:06','2021-12-10 23:57:06'),(45,NULL,'199701302020122012',27,'2021-12-20 16:34:05','2021-12-20 16:34:05'),(46,NULL,'199701302020122012',42,'2021-12-20 16:39:07','2021-12-20 16:39:07'),(47,'s','199701302020122012',42,'2021-12-20 16:44:04','2021-12-20 16:44:04'),(48,'Halo Saya Perlu Detailnya Lebih jelas lagi , apa anda bisa jelaskan?','730420191104',43,'2021-12-23 21:01:28','2021-12-23 21:01:28'),(49,'Oh Baiklah, Berikut lebih detailyna','199701302020122012',43,'2021-12-23 21:01:47','2021-12-23 21:01:47');
/*!40000 ALTER TABLE `chat_support` ENABLE KEYS */;
UNLOCK TABLES;

--
-- Table structure for table `proses_jenis_pelayanan`
--

DROP TABLE IF EXISTS `proses_jenis_pelayanan`;
/*!40101 SET @saved_cs_client     = @@character_set_client */;
/*!40101 SET character_set_client = utf8 */;
CREATE TABLE `proses_jenis_pelayanan` (
  `id` int(11) NOT NULL,
  `id_team` int(11) DEFAULT NULL,
  `id_jenis_pelayanan` int(11) DEFAULT NULL,
  `queue` int(11) DEFAULT NULL,
  `created_at` timestamp NULL DEFAULT NULL,
  `updated_at` timestamp NULL DEFAULT NULL,
  PRIMARY KEY (`id`)
) ENGINE=InnoDB DEFAULT CHARSET=utf8mb4;
/*!40101 SET character_set_client = @saved_cs_client */;

--
-- Dumping data for table `proses_jenis_pelayanan`
--

LOCK TABLES `proses_jenis_pelayanan` WRITE;
/*!40000 ALTER TABLE `proses_jenis_pelayanan` DISABLE KEYS */;
INSERT INTO `proses_jenis_pelayanan` VALUES (1,1,NULL,NULL,'2021-11-18 10:55:13','2021-11-18 10:55:13'),(2,2,NULL,NULL,'2021-11-18 10:55:13','2021-11-18 10:55:13'),(3,1,NULL,0,'2021-11-18 10:57:29','2021-11-18 10:57:29'),(4,2,NULL,1,'2021-11-18 10:57:29','2021-11-18 10:57:29'),(5,1,85,0,'2021-11-19 01:26:36','2021-11-19 01:26:36'),(6,4,85,1,'2021-11-19 01:26:36','2021-11-19 01:26:36'),(7,3,85,2,'2021-11-19 01:26:36','2021-11-19 01:26:36');
/*!40000 ALTER TABLE `proses_jenis_pelayanan` ENABLE KEYS */;
UNLOCK TABLES;

--
-- Table structure for table `users`
--

DROP TABLE IF EXISTS `users`;
/*!40101 SET @saved_cs_client     = @@character_set_client */;
/*!40101 SET character_set_client = utf8 */;
CREATE TABLE `users` (
  `id` bigint(20) unsigned NOT NULL,
  `id_organisasi` int(11) DEFAULT NULL,
  `organisasi` varchar(100) COLLATE utf8_unicode_ci DEFAULT NULL,
  `role_user` varchar(100) COLLATE utf8_unicode_ci DEFAULT NULL,
  `id_jabatan` int(5) DEFAULT NULL,
  `jbt` varchar(100) COLLATE utf8_unicode_ci DEFAULT NULL,
  `id_team` int(11) DEFAULT NULL,
  `nama_depan` varchar(70) COLLATE utf8_unicode_ci NOT NULL,
  `nama_belakang` varchar(70) COLLATE utf8_unicode_ci DEFAULT NULL,
  `jenis_kelamin` int(11) DEFAULT '1',
  `name` varchar(255) COLLATE utf8_unicode_ci DEFAULT NULL,
  `phone` varchar(255) COLLATE utf8_unicode_ci DEFAULT NULL,
  `email` varchar(255) COLLATE utf8_unicode_ci DEFAULT NULL,
  `password` varchar(255) COLLATE utf8_unicode_ci DEFAULT 'none',
  `decrypt_pass` varchar(50) COLLATE utf8_unicode_ci DEFAULT NULL,
  `foto` varchar(100) COLLATE utf8_unicode_ci DEFAULT NULL,
  `remember_token` varchar(100) COLLATE utf8_unicode_ci DEFAULT NULL,
  `created_at` timestamp NULL DEFAULT NULL,
  `updated_at` timestamp NULL DEFAULT NULL,
  `identity_file` text COLLATE utf8_unicode_ci,
  `notifikasi` varchar(5) COLLATE utf8_unicode_ci NOT NULL DEFAULT 'ya',
  `status` varchar(11) COLLATE utf8_unicode_ci NOT NULL DEFAULT 'Aktif',
  `forget_token` text COLLATE utf8_unicode_ci,
  `golongan_id` int(11) DEFAULT NULL,
  PRIMARY KEY (`id`),
  UNIQUE KEY `users_email_unique` (`email`)
) ENGINE=InnoDB DEFAULT CHARSET=utf8 COLLATE=utf8_unicode_ci;
/*!40101 SET character_set_client = @saved_cs_client */;

--
-- Dumping data for table `users`
--

LOCK TABLES `users` WRITE;
/*!40000 ALTER TABLE `users` DISABLE KEYS */;
INSERT INTO `users` VALUES (1,385,'Dinas Komunikasi dan Informatika','Admin',1,NULL,0,'Super','Admin',1,'Superadmin','081221201220','admin1@servicedesk.jabarprov.go.id','$2y$10$Xko/PYE9sQneyXHDNyVwLetAyx.ABWZjMKRBAhy6zI1RWmQ9JtUmG','telematika','20220105023006_hansohee.png','ZxF3zZkP9BYYMoD5XiByjQ2jwcoVeiS69oNbiXjybprhS4gTAHXXSHIuXbh1',NULL,'2019-01-15 03:55:45',NULL,'Ya','Aktif',NULL,NULL),(100120210107,422,NULL,'Koordinator Agen',1,NULL,4,'Reza','Aldian H',1,'199507172020121004',NULL,'admintest@gmail.com','$2y$10$us6ELeYYUP7p5Yg3/W92.OwhKZVouxfiTZ9qvRhkXQ0eGmb3YCigu','*Diskominfo2021#',NULL,'ak7j2XtcoINMd3B0t0Gs5CMPHcNx3nrgvq1u7qnQJoWjQFI9e2jbxb4Sf9Zr',NULL,NULL,NULL,'Ya','Aktif',NULL,3),(100220191023,406,'','User',1,NULL,NULL,'Nevia','Yusup',1,'sijaluku','081323332238','siijaluku@gmail.com','$2y$10$MHLgZ1/WTYnNSpC6XfdbWefoey.bRHCLzdBZn6LNPkBk1NXOwL7Vq','4nakusayanG',NULL,'vWJUV5bNsY5SrjYOw2AX5asj8f8EtBYGa5HfcZl4lWSXd6PeVTeW1F5Mj0nl',NULL,NULL,NULL,'ya','Aktif',NULL,NULL),(100420191126,328,NULL,'User',6,NULL,NULL,'Suwendi','-',1,'uwenwendi','085659891665','uwenx21@gmail.com','$2y$10$12trScras286BUxlW0XIlu4XCV4mhqKSnq5f2BYgOgtIwLuLMNADm','arumayu16',NULL,'8MID2eydmTLaIkrp0pRIwe6rQmCpCOgsehPttj0SNsW5shWkg2pXogPOgpL7',NULL,NULL,NULL,'ya','Aktif',NULL,NULL),(100420200914,355,NULL,'Koordinator Agen',1,NULL,2,'Yuli','Maulani',2,'yulimaulani','089657357160','yulimaulani71@gmail.com','$2y$10$nPbq9PBnm/q0FvgqToDSau2RWY6MqAZromhk.FxAcb4UI0RuqPcQy','telematika',NULL,'nO9h2j4iD924oAStX4tJVXnpUvU58Np3QOjQvTmPh4G3kL7En7Qdy8hrqKib',NULL,NULL,NULL,'Tidak','Aktif',NULL,NULL),(100520191213,328,NULL,'Verifikator PD',1,NULL,NULL,'Agen','Disparbud',1,'disparbud','089723232','pariwisatakebudayaanjabar@yahoo.com','$2y$10$7Z3wTg6/HKKIUvFnr52.IOW5GVyPlzThKWft0tq1DvwDR6rFmckZO','D1sparbud','20211221045545_barry.jpg','qWP1z1wtmOxcEUlfXuhDhmNvnC5UHsxyHp7bwyeMf9M1SuacK7EpYG5Lkh9L',NULL,NULL,NULL,'Ya','Aktif',NULL,NULL),(100820191126,427,NULL,'Agen',1,NULL,NULL,'dadang','riswanto',1,'dadang','081222643591','dadangriswanto3@gmail.com','$2y$10$XIO8QVg0DneNICZmh7GkpObvbEa.8vm05DLQyxqU4PcoH9VBE2JtG','margawati',NULL,NULL,NULL,NULL,NULL,'ya','Aktif',NULL,NULL),(110320191126,491,NULL,'Verifikator PD',1,NULL,NULL,'Priyadi','Wibowo',1,'eriwibowo','085781822074','thumbrick@gmail.com','$2y$10$U0PEBYCRS/nVsSFBiggSFOoaEHtlOHCeYZrve1W4F/gesFFl9A/Ou','Paledang35',NULL,NULL,NULL,NULL,NULL,'ya','Aktif',NULL,NULL),(110720191023,385,NULL,'Admin SOP',1,NULL,1,'Admin','SOP',1,'AdminSOP','085795578073','taufikrahadina10@gmail.com','$2y$10$uRCQQdDnw5L8iCSQKGp/JuFVu40gUSka4Avq25ilXq4cd2wrjE/FO','AdminSOP1',NULL,'Aq7aY7PNd2ydTbN3JDvzH4zZKcZCqZKacAtyxZDvKrTLOW64CXIveI0x9UUO',NULL,NULL,NULL,'Ya','Aktif',NULL,6),(120120201109,341,NULL,'User',1,NULL,NULL,'Herdi',NULL,1,'herdi',NULL,'herdihermawan10@gmail.com','$2y$10$PNGMo4QZj7WNkKidz/nz7.3BZGpTAlj1dJ2m2AwaiDIfb.o.1PsSm','telematika',NULL,'NN30iweY56mx8k73hmXifqs7Mk3tEh56M3ifqtOIYTopRLgpNpRzOqs8Ic6m',NULL,NULL,NULL,'Ya','Aktif',NULL,NULL),(120520191023,411,NULL,'Admin',1,NULL,NULL,'Dani','Indrayana',1,'Wilayah5','085793055599','dani80tea@gmail.com','$2y$10$3YqGPMGQuL53ILTvNi.5peFEXSNyyAWUGBHlJXCyXHxh01lcnbpHu','nukasep',NULL,'wIG5gR0iBWNOsh7vQcrcQN9QSAKvwCAQsLERUrDFYm4zEj9dpnzPinDDsNNI',NULL,NULL,NULL,'ya','Aktif',NULL,NULL),(130320200227,528,NULL,'User',1,NULL,NULL,'Agen','Indramayu',1,'diskomIndramayu',NULL,'diskomindramayu@gmail.com','$2y$10$3e52hk7HODRtVTVGu4QGUOpUvSL0NZzX1.07u0cS1SRthOLabFt.i','telematika',NULL,NULL,NULL,NULL,NULL,'Ya','Aktif',NULL,NULL),(140120211210,422,NULL,'Agen',1,NULL,NULL,'Dwi','Aptika',1,'Dwia','081325033378','Dwia@gmail.com','$2y$10$8O40QZZggv30wKGSZCJTDehsMmOe6PseOyucz0BSuc..Jgi7rEC72','Dwia1',NULL,'NVymlsJ3oF8lYM4DqJGdPZEj92mZnpLoACjqWIMyYoeZw2g7K2VUlbvNJTXU',NULL,NULL,NULL,'Ya','Aktif',NULL,6),(140120211222,282,NULL,'Admin',1,NULL,NULL,'Fulan','Jhon Doe',1,'fulanda','089565','fulan@fulan.com','$2y$10$MyH78dmEQTEx.kEQjYrGQ.8LAkWPcLHqRDDEnD8KEIR9cK6QvEz7G','fulanfulan',NULL,NULL,NULL,NULL,NULL,'Ya','Aktif',NULL,3),(140620201113,289,NULL,'Helpdesk',1,NULL,6,'Handi','Sugandi',1,'servicedesk','089653432342','handi@gmail.com','$2y$10$t75PE4ZUcg9qq5wHaMyGaOhBNCWb6PkGI3vXoVVOHnX1RzrzKJc0W','telematika','20211220061058_ulq1gx072ao21.jpg','EYpTLEIKZ6i3ofliVA4KCDFIliIZ8Ms5MU1CGuNoq7sw61JX8UGMnQ3lWHwc',NULL,NULL,NULL,'Ya','Aktif',NULL,NULL),(140720191126,442,NULL,'Verifikator PD',1,NULL,NULL,'Nurjaman','Cdkpwusubang',1,'Cdkpwusbg','085320726867','adenorochman@gmail.com','$2y$10$T5hpW3SZg.c984/5yQk7pOURoaen9SYlSLBQN0reKm39WPAgqfzWe','cijengkol',NULL,'RoQM2rz6dGYXBTAEM2nmsS1KNS2dbbdNNJdnw9szSPoCBviqQPVmo5xGp03u',NULL,NULL,NULL,'Tidak','Aktif',NULL,NULL),(150920210823,422,NULL,'User',1,NULL,4,'Deri','Ramdani',1,'198705072020121002','0853511111430','198705072020121002@jabarprov.go.id','$2y$10$foeOew5QJ8Kuzvz9/8aANO0iMIxXPtEC1HEJVnvabfdwFnBBwBDFu','198705072020121002',NULL,NULL,NULL,NULL,NULL,'Ya','Aktif',NULL,NULL),(160120191023,407,NULL,'Verifikator PD',4,NULL,NULL,'Adriansyah','-',1,'kcdwil1','087839107277','disdik.wil1.bogor@gmail.com','$2y$10$LU/Rku5fmGN1qmKDLUA0nugPyYRqOg3SVLahtt1TEhFyDelr2KpaK','ab4481ms',NULL,'RWsOo1sHOXCyVsHihYBUy4Ry3KtwsbVEcp93EmtN0aRg21ImGfwm93nhQxIM',NULL,NULL,NULL,'ya','Aktif',NULL,NULL),(170420191023,356,NULL,'User',5,NULL,NULL,'Fajar','Lazuardi',1,'fajar','081322035656','fajarlzu@gmail.com','$2y$10$11ItcZZLuqcWGUBQip7ZruYe2eVYK4jRjwInnwjfdhOUig9eQonB6','jabar12345',NULL,'3H2pLGNowxgAyq5c0wYaivahcS54sO7uW7blNBPWCs3iwkDxhPfCAPAFzQbO',NULL,NULL,NULL,'Ya','Aktif',NULL,NULL),(170820191126,440,NULL,'User',1,NULL,NULL,'CDK','Wilayah VIII',1,'CDK Wilayah VIII','082126101172','herujaman@gmail.com','$2y$10$08JqeGwq6h92HSzVZL15Le21gFXeBEZEkotx6LKbzlYzcS5N9/I7S','Ellen010494',NULL,'MTpYcUcXquUkvOwXqnOhCuZvx65choAnOm0lZ3hWY9to4IUsWL6T08csGUKt',NULL,NULL,NULL,'ya','Aktif',NULL,NULL),(170820200224,531,NULL,'Verifikator PD',1,NULL,NULL,'Agen Sekda','Kab Sumedang',1,'sekdasumedang',NULL,'humas_sumedang@yahoo.com','$2y$10$oyZsjiPLtl/4HQUj4KmF5OczEwzyHolFoJAPhqittxpPD/j3nrts.','telematika',NULL,NULL,NULL,NULL,NULL,'Ya','Aktif',NULL,NULL),(170920211210,422,NULL,'Koordinator Agen',2,NULL,NULL,'Indri','KasieII',1,'IndriKasieII','081325033376','IndriKasieII@gmail.com','$2y$10$MKqLjFZ/GhzGGi0R..pPb.MK5VTnndB1Re3eqCkSLmx55DEuDjuP.','IndriKasieII1',NULL,'TlPLA2RfAP63pqFrRC92TgsJz3S91pX3An8YPNj4QdfsZGhywr3Kj7PaI8Yr',NULL,NULL,NULL,'Ya','Aktif',NULL,6),(180120191023,413,NULL,'User',1,NULL,NULL,'Derri','Benarli',1,NULL,'081221472404','derri.benarli@gmail.com','$2y$10$39IRpnA72B78WYsjJS4bzOdPQVn7oglS5J0YyznVUWcnOWpGHXi8W',NULL,NULL,NULL,NULL,NULL,NULL,'ya','Aktif',NULL,NULL),(180520191023,360,NULL,'Verifikator PD',4,NULL,NULL,'Atep','Nawawi',1,'dishutjabar','081802130452','atepnawawi@gmail.com','$2y$10$01SbObmAqHKSUqMvPpQcGOXHBWvd3NHF.Kmoe.IV5OTd.r8scy59K','hutanjabar',NULL,'jNr5A6T6nTjVkioap16o34RyumREV8cAWXQE0cRy5BVR4L3ueR3e3BgNlH3f',NULL,NULL,NULL,'ya','Aktif',NULL,NULL),(180520200218,355,NULL,'Agen',1,NULL,1,'Eri','Ganteng',1,'erigarna',NULL,'erigarna@gmail.com','$2y$10$TBfxutKzPPf3xMP86nmmnOoX7fklTabJTkwDQFCMx8nlOny/dv2Ha','telematika',NULL,'hrWAIyd2PMNrRcWXnfGvulEshmrg2GuK0elHkG3VGPpzr7gImuJFhB2hyHr6',NULL,NULL,NULL,'Ya','Aktif',NULL,NULL),(190520191126,281,NULL,'User',4,NULL,NULL,'Abdul','Manaf',1,'abdulmanaf','081395006111','abdulmanaf@jabarprov.go.id','$2y$10$j6qTMybSSSR7l5Vv9Aw7qegme9QPXTNYfe2LZXm4KMrj51jS.8SpS','nasigoreng',NULL,NULL,NULL,NULL,NULL,'ya','Aktif',NULL,NULL),(190520200228,522,NULL,'User',1,NULL,NULL,'Dicky','Arie Apriyadi',1,'diskom_kabcirebon','082217307470','dickyarie69@gmail.com','$2y$10$AMBU5hhw95nF2ReAo54mDuH3cXmcAUlJ1eZD9mUcEW8UvJyYbCWOC','telematika',NULL,NULL,NULL,NULL,NULL,'Ya','Aktif',NULL,NULL),(200120191024,380,NULL,'User',5,NULL,NULL,'Lucky','Nurhidayat',1,'lucky','085221502153','ellucky22@gmail.com','$2y$10$A6BgGzMrsNK2frtC67V/TudI7ZRD2gjyPusONvoCB2XYmLRxxmiiy','qwerty333',NULL,'HDgyf8JBjLo4bBXiu5JlwZrTOtCfYAz46q35LBqYMbnDzhhP0425Azk58pch',NULL,NULL,NULL,'ya','Aktif',NULL,NULL),(210220191022,343,NULL,'User',6,NULL,NULL,'Yuli','Kominfo',1,'yuliyul','085998996888','yulikominfo@gmail.com','$2y$10$eMWWN26zEYcQGJ05mBgXheOSlhj48BN1j8n/yJcRJ2Fhkbh6RdBSS','telematika',NULL,NULL,NULL,NULL,NULL,'ya','Aktif',NULL,NULL),(210220210111,385,NULL,'Koordinator Agen',1,NULL,1,'Rinaldy  A.','Rukman',1,'rinaldy','081321799503','rinaldardyans@gmail.com','$2y$10$7gEWKAKf7W/1aQ1zYkvJKucQOQ1ULR3yNdfrd5b9mmZDahoLNGF3O','Epassword811',NULL,'ocekpyztZkbaaq8NloPQgBxot85Gz1NI3FXvqfaAnI8ivEEUcaG1UssuiVSK',NULL,NULL,NULL,'Ya','Aktif',NULL,NULL),(210320200615,536,NULL,'User',1,NULL,NULL,'Agen','BNN Kota Bandung',1,'bnnkotabandung',NULL,'bnnkota_bandung@bnn.go.id','$2y$10$ar8rCux2sWK.mZCpztnvCO.WgDxB3q5Q0d32zbsKElKedG9XxjTN.','123456',NULL,NULL,NULL,NULL,NULL,'Ya','Aktif',NULL,NULL),(210620191126,466,NULL,'User',1,NULL,NULL,'Irvan','Panduwinata',1,'balaiuji','081322529257','balaiuji.desdm.jabar@gmail.com','$2y$10$gdmfzW40HlgiTzpwBEGDEu1Nprld3gy7bYE1CZWiJN0RfbAp.NDcG','balaiuji12345',NULL,'yYu5HavOMUE9zliVe6GvHlp9bHpasihA1Kn2elYcTe95ep6qqqNTkPAp8Nh7',NULL,NULL,NULL,'ya','Aktif',NULL,NULL),(220720191126,500,NULL,'User',1,NULL,NULL,'Rahmat','Nurhidayat',1,'Rahmat785','081214900026','rahmat_785@yahoo.com','$2y$10$/9ELPh8K9XK/Oze45kCtY.q5VVQHYnx5e3/8gJNYmE2ISHUuDeTxe','rahmatnu1001',NULL,NULL,NULL,NULL,NULL,'ya','Aktif',NULL,NULL),(220720200227,514,NULL,'User',2,NULL,NULL,'Anry','Sutrisno,S.Pd.,M.Si.',1,'diskom_kabgarut','08122425389','anrysutrisno@gmail.com','$2y$10$gUq1RHDje/zX15MPWCPqo.HsotyQFTsTHOurPk4pJOe2KjHbo5w2y','telematika',NULL,'4RcmGrpy1Br8i6fzfRlnVzuOXgf5b02ynRgONu2fPfMrL50k0IqDSB7yruqN',NULL,NULL,NULL,'Ya','Aktif',NULL,NULL),(230120191107,287,NULL,'User',5,NULL,NULL,'Aris','Sandhika',1,'arissandhika','082115327897','arissandhika@gmail.com','$2y$10$Hiz3ywhiyQmgdHJMeq4AbeG1mswYmueXuq5iZfFMoxTHnDvWnEL1O','biroorg',NULL,NULL,NULL,NULL,NULL,'Tidak','Aktif',NULL,NULL),(230620200227,505,NULL,'User',1,NULL,NULL,'Acep','Dani Ramdani',1,'diskom_kabpurwakarta','081909414070','acepdaniramdani@yahoo.co.id','$2y$10$zvI6zfyUheEimYpw.Afmd.A41cFp4VBboPn93/bG6sUIus3M03/pe','telematika',NULL,NULL,NULL,NULL,NULL,'Ya','Aktif',NULL,NULL),(230820191126,473,NULL,'User',4,NULL,NULL,'Aries','Sunandar',1,'psrts','081320152147','aries.brskw@gmail.com','$2y$10$vOx6cRfKI2VRG3euhEltPeCPNQtsqhbwgizk23/nkQXaFzDmGmHAG','cirebon123',NULL,NULL,NULL,NULL,NULL,'ya','Aktif',NULL,NULL),(230920200814,311,NULL,'User',1,NULL,NULL,'uptddishubwil2','Jabar',1,'uptddishubwil2','08121464620','fgfgfg@gmail.com','$2y$10$WqaM0lnQAFy0ZzRwG05t..fLvwWLe8IhPz1vr2XtIDxNNCgYUOXWi','123456',NULL,'txwEkgoOZVZV1QWkq7YBlMsxtfrhl70WdD5LTzmBjQwaKF1TDK79kQXKNzxs',NULL,NULL,NULL,'Tidak','Aktif',NULL,NULL),(240120191126,385,NULL,'User',5,NULL,NULL,'Hery','Purnomo',1,'pasirbanteng','087722391354','purnomohery13@gmail.com','$2y$10$/xlRu6YKw2cYisQ.nxanZuUI244kxt4/mibFe4aq8BHr648FqDL.G','maesaroh',NULL,'JzYVnltyTQgGmQeBjOu25npQsoBsYe627gH3ShuBOi8bEsF0JaEml8Cj8XyP',NULL,NULL,NULL,'ya','Aktif',NULL,NULL),(240220191126,448,NULL,'User',1,NULL,NULL,'Buddhi','Sudrajat',1,'buddhi','08112237838','buddhisudrajat@jabarprov.go.id','$2y$10$OMtFYS2kJkNpwaje/K/hVO3jHTFDY1GC3WubZIN4rruWztObeanv.','pikolo',NULL,NULL,NULL,NULL,NULL,'ya','Aktif',NULL,NULL),(240220210823,422,NULL,'User',1,NULL,4,'Fajar','Subakti',1,'199110302020121011','085793065657','fajar@jabarprov.go.id','$2y$10$b2uta5B2Uh9Qj5aoN.Y7w.piHIR8jw/I36suygg8sYDzbas1a/otS','199110302020121011',NULL,NULL,NULL,NULL,NULL,'Ya','Aktif',NULL,NULL),(240420200227,520,NULL,'User',2,NULL,NULL,'Wawan','Mulyanto, ST.',1,'diskom_kabkuningan','082115003530','wawan.mulyanto@gmail.com','$2y$10$/s5zNhec8cb6yTlbi/4qcuyif/JfJ5iIPZVbiU4O30iXOPosD1HU6','telematika',NULL,NULL,NULL,NULL,NULL,'Ya','Aktif',NULL,NULL),(240820200227,528,NULL,'User',1,NULL,NULL,'Fani','Zaelani',1,'diskom_kabindramayu','081932715880','fanizaelani22@gmail.com','$2y$10$sF1u4mMRaTJ6LXmaJHu/WuiOtfkCznECUpSZr4QyaXit5UKZK7e86','telematika',NULL,NULL,NULL,NULL,NULL,'Ya','Aktif',NULL,NULL),(240920191029,385,NULL,'Helpdesk',1,NULL,NULL,'EOS','Icon+',1,'eos',NULL,'eos.diskominfojabar@gmail.com','$2y$10$mOxSIPs8QFQHLaYXE9NCJ.upiG1ayhbhxwAOqj9hsXtFKuXkP6W1e','eosjabar',NULL,'APB1YW3pJoFKZhEeyOvjNfSjUgoKoCshXoNUSnFLiLPyHfkdV1BT7yu5Cxev',NULL,NULL,NULL,'Ya','Aktif',NULL,NULL),(250120191126,468,NULL,'User',4,NULL,NULL,'Agus','Anang',1,'UPTD PPSBR','085722811001','uptdppsbr@gmail.com','$2y$10$FsrbwoPiYrYQDKdY/JwjB.aZQH6Ii.NkYj8yxkrjQgcuDVNaHE0Gi','maribaya010118',NULL,NULL,NULL,NULL,NULL,'ya','Aktif',NULL,NULL),(250220191126,441,NULL,'User',4,NULL,NULL,'aa kalbeni rukmana','kalbeni',1,'omben1972','082218724910','aakalbeni1972@gmail.com','$2y$10$fxFZoZyzUOtRlCnoG4lFKearEW0jHiGD8IGxBXf0vkw5berrcxxby','cabdinkpws',NULL,'OmaM1C0DfBzZoVC4SPXCBuOzg0hGC78SLSpdH79EY6lDL7gHuUWHdDc4yAi4',NULL,NULL,NULL,'ya','Aktif',NULL,NULL),(250420211210,422,NULL,'Koordinator Agen',2,NULL,NULL,'Hanifah','Kasie PA',1,'HanifahKasiePA','081325033376','hanifah3@gmail.com','$2y$10$TF7efu1xTkOgFhVxhUg08.CGRelblddKyk/c7cDBSQxFMiIOXBriG','HanifahKasiePA1',NULL,'vUXnSN7X4fOwO5KbzVWsq5o9HWeWJnIHSu9jZSJTETkyWrDUrcg8QPLy8mDg',NULL,NULL,NULL,'Ya','Aktif',NULL,6),(260220191126,385,NULL,'Kepala Dinas',1,NULL,NULL,'Harry','Cahyadi',1,'Harry78','081382133273','harrycahya@yahoo.co.id','$2y$10$YTdVpHKIFQP7PbkPA1OvZuAQdolp56F6l8spVIkCQYYD5zam2Id.y','123456',NULL,'3hcIasp5FzNPOVCLIVC6O7NxowMJZK8i5ygr7TPliw4p9LL25jZPq4o9Q10u',NULL,NULL,NULL,'ya','Aktif',NULL,NULL),(260220200626,538,NULL,'User',1,NULL,NULL,'Agen','PKK',1,'pkk',NULL,'agen.pkk@gmail.com','$2y$10$IznjadZyNOuYulFx4EfbVeNTthxuP3XctiArCyldJ9v2MydRNVkRC','123456',NULL,NULL,NULL,NULL,NULL,'Tidak','Aktif',NULL,NULL),(260420191023,421,NULL,'User',1,NULL,NULL,'SAKTI','PERDANA',1,'sakti93','085722999635','saktiperdana19@gmail.com','$2y$10$Jo0aB3B/LdJXSeXFCvaJpuQtGp5CMq0FxSbFKCmRSmkWp2dEeX/fG','Jds312!',NULL,'rwxb731hWqkU0dY9eBSh1CNv5UewwpA1QoyFV3zIOZ0bcMp27lqnAWls90H3',NULL,NULL,NULL,'Ya','Aktif',NULL,NULL),(260920191023,309,NULL,'User',6,NULL,NULL,'Yudhi','Rosyali',1,'dinsos','085659089777','yudhirosyali@gmail.com','$2y$10$BzUi59pCf6Cge6xPSLlXO.1ddtHVtRfiuQDSBMu/ssufISGiXPhAe','kepegsos',NULL,'lPXtQg52pK4rNUp7E0En6IBRTnth6ZrSnhXt9qkzIXMq57xlbbT005butExM',NULL,NULL,NULL,'ya','Aktif',NULL,NULL),(270120191126,447,NULL,'User',1,NULL,NULL,'AJES','LESMANA ATMAJA',1,'kcdX','082117753175','ajeslesmana05@gmail.com','$2y$10$EsKIJ1nQv3ZWJX2ZGlWD6eE/cVmVlNQisENT30CPXu3U0cr6txBCi','cirebon10',NULL,NULL,NULL,NULL,NULL,'ya','Aktif',NULL,NULL),(270820191023,307,NULL,'User',4,NULL,NULL,'Andhika','Syahputra',1,'distan','083817482975','distanserver@gmail.com','$2y$10$srGZn7Rt5DlxhmP6sBjMfuwOE122AlNPPJAO3Ms1WxREmhJFU.yD6','distan2019',NULL,'3RbzlTyyejOfXPgK66DmjO8NsFKc4wDPTUh2y85VpBQZcCHljlGlHOUB95Sw',NULL,NULL,NULL,'ya','Aktif',NULL,NULL),(280120191023,348,NULL,'User',4,NULL,NULL,'Saripudin',NULL,1,'sariffn08','087821006601','sariffn08@gmail.com','$2y$10$mY.kOdUIwSX.Zl2IhtRNHu7iZwgNVCuuNm6ZecRxT0PSVZe8ym3.i','fahryryzky',NULL,'gNJF5ZtqfjzQPMbDqPJ2c419AFvuhRTErZdAIhTVopv4JAg7ncN81RyxOE5u',NULL,NULL,NULL,'ya','Aktif',NULL,NULL),(280520191023,326,NULL,'User',6,NULL,NULL,'dispusipda','jabar',1,'dispusipda','085871446052','dispusipda.jabarprov@gmail.com','$2y$10$SVr5o/ckxhU7Jx2KIhf3C.JuaJPw2hLLrv1b8ZNuf13H6M0vrw5/y','091418',NULL,'6h1Pw7wyM9Qhsto35nVjRCIARhBFRoVOwGsoMR7qXMedeNRxEJYsBtbXJDYA',NULL,NULL,NULL,'ya','Aktif',NULL,NULL),(290120211210,385,NULL,'Agen',1,NULL,NULL,'Rinaldy','Maul',1,'RinaldyM','081325033376','RinaldyM@jabarprov.go.id','$2y$10$D.qDj5cIqJY4zqXl.a94K.qroZjQtu4EOoTeXGA5sBzsTy6sIz2om','RinaldyM1',NULL,NULL,NULL,NULL,NULL,'Ya','Aktif',NULL,6),(290620191023,345,NULL,'User',1,NULL,NULL,'Eman','Sulaeman',1,'Emandispora','08562101821','eman.rsj@gmail.com','$2y$10$Krk1F0uaqqW4F4R6r04.De3WBGC8O8Xe4EGfOeitNDrnckxW52mBS','emandispora123',NULL,NULL,NULL,NULL,NULL,'ya','Aktif',NULL,NULL),(300920200227,504,NULL,'User',2,NULL,NULL,'Kurnia','Setiawan, SE.,M.AP',1,'diskom_kotabanjar','085223766060','Ksetya.one@gmail.com','$2y$10$D.AZO1SSVaWJsihNbd26ce6b8MgRLv4CVvlQQdog/VhVzTjuI84ai','telematika',NULL,NULL,NULL,NULL,NULL,'Ya','Aktif',NULL,NULL),(310520191023,397,NULL,'User',4,NULL,NULL,'Asep','Daryana',1,'Asda','085223456734','asep.daryana23@gmail.com','$2y$10$LM/Son9oRDYdMUFESiTD3eEIat1TLVhWmgR5XyoWX/M6pWCe52pn.','A23pd4ry4n4',NULL,'W4p76AKqAINCydX3J3Xj9n6KGit6CZh8LlGshLqlq5kA6HXhrJ1dBUkzKFbH',NULL,NULL,NULL,'ya','Aktif',NULL,NULL),(310720200706,431,NULL,'User',1,NULL,NULL,'Agen','UPTD BPPIB-Ternak Sapi Potong Ciamis',1,'uptd_bppibciamis',NULL,'belum_ada_email@gmail.com',NULL,NULL,NULL,NULL,NULL,NULL,NULL,'Ya','Aktif',NULL,NULL),(320120191023,335,NULL,'User',1,NULL,NULL,'Cecep','Abd. Qoyum',1,'Cecep','081314130400','cecepabqoyum@gmail.com','$2y$10$MlZyTEKnAVuyCmWVcDNHjO2Ad39N4m4In0TdBVTi/3HiXWXFVXzWi','rimbawa 74',NULL,NULL,NULL,NULL,NULL,'ya','Aktif',NULL,NULL),(320120191126,282,NULL,'User',6,NULL,NULL,'Andi','Adrian La Tonra',1,'toyaaa','082240411140','tonraguttu@gmail.com','$2y$10$FXCYi8aK.xlImA8qZ9gQWu7qKvHtl/Zo0iz4BvThkPXMQJ5j/0vvS','warnet',NULL,NULL,NULL,NULL,NULL,'ya','Aktif',NULL,NULL),(320320200814,414,NULL,'User',1,NULL,NULL,'agum','gumilar',1,'agumgumilar',NULL,NULL,'$2y$10$pyp3O1FjoUuZpJ6fARwXD.nmRQb6/JdbhslrZ0cEpMH.Q9P8nlLhe','123456',NULL,'Ixcv6uZFPTXDTSVDHBzeoCx2RJb84jqzlFzvbWcDrDy2vKXTijlhcVI0dIsl',NULL,NULL,NULL,'Ya','Aktif',NULL,NULL),(320720200227,510,NULL,'User',2,NULL,NULL,'ENGKUS','KUSMAYADI, ST',1,'diskom_kabcianjur','08122097650','kuzmayadi@cianjurkab.go.id','$2y$10$1xkur0GO2ko4ac8VPXx0i.VUTXbDv/sAeHGitjdm8LlThPqb2J5a6','telematika',NULL,'Cp8jJ5xBjbyHw5djzEDxjJbu87AbvwtiUJWz5T9ECdsHMefUheIzJgll8Uqo',NULL,NULL,NULL,'Ya','Aktif',NULL,NULL),(340320210823,422,NULL,'User',1,NULL,4,'Eddy','Hidayat',1,'198806252020121007','085220106469','198806252020121007@jabarprov.go.id','$2y$10$w7CluEnd5Rh/TlclPgBucuvVQ55uS54khkAXJs1UFgbBCvFo4LZ1y','198806252020121007',NULL,NULL,NULL,NULL,NULL,'Ya','Aktif',NULL,NULL),(340520191126,451,NULL,'User',1,NULL,NULL,'padi','palawija',1,'bbpp','081223169661','bpb.padi.cihea@gmail.com','$2y$10$D841DVo5Wo8Ftd6mLuN8VO0C67VUHDIpX1Vh6wB7qMaxmrR475PmO','bbpp123@',NULL,NULL,NULL,NULL,NULL,'ya','Aktif',NULL,NULL),(340520200227,508,NULL,'User',2,NULL,NULL,'Hidayatul','Muttaqin',1,'diskom_kabbekasi','08128334575','mutaqinh@gmail.com','$2y$10$rZNw7aT1bKhVI2h8qWpGaui2cQbVSz31lrzshaimlDGganzL8F.ey','telematika',NULL,NULL,NULL,NULL,NULL,'Ya','Aktif',NULL,NULL),(350320200227,509,NULL,'User',1,NULL,NULL,'Muhamad','iqbal Nurochman',1,'diskom_kabsukabumi','083819422973','miqbaln@outlook.com','$2y$10$zGZcQCrahoerzfx7da/bi.B3kku/RbEwdo8hv5zkGYRW4JRhS0CFi','telematika',NULL,NULL,NULL,NULL,NULL,'Ya','Aktif',NULL,NULL),(350520210823,422,NULL,'User',1,NULL,4,'Yofi','Aprilla',1,'199704192020121005','082218639817','199704192020121005@jabarprov.go.id','$2y$10$BfcwJ0LDCPsUu1g3NOEI6OW6YVOoONhIT81pF0LuoQr1IrorWa3EO','199704192020121005',NULL,NULL,NULL,NULL,NULL,'Ya','Aktif',NULL,NULL),(350720191023,366,NULL,'User',5,NULL,NULL,'Muchamad Rafi','Subhi Fauzi',1,'BP2D','085795851996','bp2d.jabar@gmail.com','$2y$10$1DkinIb.VwScXlhyPNS3dO3rCMLDXb.xzB1GN8vK5LZxXaHVZ6xkq','bp2djabar',NULL,'3h1YPRdLUT7VVqV68ooYB8DEeZHCfZ7NZiSCxz5rWrA0JGvgPjte1TqBfY4S',NULL,NULL,NULL,'Ya','Aktif',NULL,NULL),(360120191127,496,NULL,'User',5,NULL,NULL,'Rio','Hastriyana',1,'riohsa','082130484969','riohsa@gmail.com','$2y$10$Pyl.ECkofMozHmSI90qu9OeV9mzpXRKe5MsLMsxRH0Fg./XR21gLy','17273747',NULL,'Hdm80nmmlUz9aU7620bhI7Q3FyErP4QubQe89dLyRVXrZ9Zjz9ENUj3iA8Nn',NULL,NULL,NULL,'ya','Aktif',NULL,NULL),(360220191126,458,NULL,'User',1,NULL,NULL,'Bondan','Wisnuwardhana',1,'bondan','081931174393','bondanwisnuwardhana@gmail.com','$2y$10$LEZfGUm2mjg3dS3TV4L3d.9y.KvQbJqEopAEyc7DD.nQ4.0MDDxnK','bondan',NULL,'69p6jDmiC7xngu6LPCzHiHQZrLt3wFQokoTkR6JKSOQu8V4ql0w91lZVDHZO',NULL,NULL,NULL,'ya','Aktif',NULL,NULL),(360720200814,465,NULL,'User',1,NULL,NULL,'M Fajar','indag',1,'mfajar','+62 822-1822-5050',NULL,'$2y$10$ztd4XycrDLoFL.YPRiKQ0u/a38RoCJU5tij03n1NC7Mv4CjQZg5je','123456',NULL,'FdaJsTayBPTAOifKt6RRDEDc5C6dYhfPnBUQJ46AuVuxNFCqgHCdtJUm6s6W',NULL,NULL,NULL,'Ya','Aktif',NULL,NULL),(360820191023,346,NULL,'User',1,NULL,NULL,'Dp3akb','Jabar',1,'Dp3akb','08987383386','eririyadi@gmail.com','$2y$10$fFzP84TDpWz2e8rznM1SOu4UJZHdUiOoU59e6kqYKdgoOi82QSyBO','dp3akbjabar',NULL,'BZSbwlLm8XHq1Kg6SO3CjrwatRxFBYcg9dwz6pILiRy2ahrFF6SYttSjtQQF',NULL,NULL,NULL,'Tidak','Aktif',NULL,NULL),(370220201027,359,NULL,'User',1,NULL,NULL,'Ardiansyah',NULL,1,'ardiansyh','083829003304','ardnsyh@gmail.com','$2y$10$ekZ6aE9AiWupypKNcYy1w.HbWzcIUx1S1T8LD5NHxRqv5u7XAeYeW','jabarjuara',NULL,'pCouR8MtZNvRNdgwIhQK5hfFC6VN2s9wLnxTu6RmXD4iAvMvdK1mVwPKRSv7',NULL,NULL,NULL,'ya','Aktif',NULL,NULL),(370720200511,382,NULL,'User',1,NULL,NULL,'ikp','user',1,'ikp123',NULL,'ikp@gmail.com','$2y$10$xcTZmzzZFrHQjvdH1dbtZuTY.yO1VEiMmUMKqEOgKNgWM2gslmiG2','*ikp2020#',NULL,'SG9OOZzO5yDIs9yTfQrqK8JckSEUm5tpQUqFU70Ws4D2jeg95TTtdsC8rKgn',NULL,NULL,NULL,'Ya','Aktif',NULL,NULL),(380220201118,310,NULL,'User',5,NULL,NULL,'asep','kamil',1,'kamil','081312273777','japrajawara@gmail.com','$2y$10$M/TvUBLBF89BU.EHXXkcA.YHQ95KZTR4PMiuLFG5U5lwOED5qzVAO','Siliw@ng1',NULL,NULL,NULL,NULL,NULL,'ya','Aktif',NULL,NULL),(390620191023,400,NULL,'Koordinator Agen',1,NULL,3,'Bidang Sandi Kami',NULL,1,'bid.pkami','085799410502','bid.pkami@jabarprov.go.id','$2y$10$4LzYerDegRPBhSMq48BQbehcjql45.sv7.2DNWsAie4s.6H8R5wrS','sandikami2o2o',NULL,'NjXXLeZoD1CQVE2I4Rm9kOCzblcazP20xLFQqvBmfmyG6ItWWWR1L1vMZzwA',NULL,NULL,NULL,'Tidak','Aktif',NULL,NULL),(400120191121,399,NULL,'User',5,NULL,NULL,'UPTDPengawasan3','KKCirebon',1,'uptdpengawasancirebon','087736756349','uptdpkw3crb@gmail.com','$2y$10$AHVyFU4X.L861LAd/E/iH.x1VRYUlbc0gUSYfiRmmXyezOYFUIwfK','uptdpkw3crb101',NULL,'gtZ6OcAyqWByLjhOpQXukCDbSio5XG4XhuYBiSyDWvISVRTszVXIU9RHGLkm',NULL,NULL,NULL,'Ya','Aktif',NULL,NULL),(400420200224,532,NULL,'User',1,NULL,NULL,'Topan','KPID',1,'kpidJabar','081321644408','kpidjabar@gmail.com','$2y$10$1jP2QnxWmoKY7zS/xRGGVu.VS9jZaOxtcmNVdnq6tH2yz.r4zxaiK','kpidJbr123',NULL,'ssBeTPNffMf0nUIldbR4fNN76PurCZnJ14y3SD049OjifWPeN3CGFJylMles',NULL,NULL,NULL,'Ya','Aktif',NULL,NULL),(400520200710,286,NULL,'User',2,NULL,NULL,'Aam','Amzad',1,'aam3005','081320394394','aam3005@jabarprov.go.id','$2y$10$H/zmP9r50Nn5EByx96ZjEOj/q3X54N8ewbSZ6DG//aSCHnFGv5KpS','aqm1965',NULL,NULL,NULL,NULL,NULL,'ya','Aktif',NULL,NULL),(400620200813,470,NULL,'User',1,NULL,NULL,'wawan','Hermawan Ramadhan',1,'UPTD PSRAMPK','081320238791','bpsaasubang_dissos@jabarprov.go.id','$2y$10$15p2x2siISggbTbbrKtLfOHPK3deWwzuiDo89QPRX/4tTcI0bARLS','450365bpsaa',NULL,'N59n8X2IhdT4sBmSNkP1Pjee9KDeqlWJgBMMkMipJlZ9rNJctD0ReDLGEZ5M',NULL,NULL,NULL,'ya','Aktif',NULL,NULL),(400820200710,474,NULL,'User',5,NULL,NULL,'Upelkes','Jabar',1,'upelkesjabar','082216633022','bapelkesdinkesjabar@gmail.com','$2y$10$Al0eeT1p5lsaklatxMAtGe3GEADeoS5rwwnwzx.5U5LWKiViteJf6','upelkes321',NULL,NULL,NULL,NULL,NULL,'Ya','Aktif',NULL,NULL),(400920191023,282,NULL,'User',1,NULL,NULL,'DISNAKER','TRANSMIGRASI',1,'Disnakertrans','087730743946','adesuanda00@gmail.com','$2y$10$SQSyJAx2t9twDK1XB0Rvn.uA2GRes2boe5buRSFgeCN6i.0KReU7q','disnakertrans',NULL,'hFhfu7lu76Oc1hRU4DeXisL6jhyz8XrxioDnu6UH4PllUVIMDDU5SjJgvAzy',NULL,NULL,NULL,'Ya','Aktif',NULL,NULL),(410320200709,319,NULL,'User',1,NULL,NULL,'Agen','Humas',1,'humasjabar',NULL,'humasjabar@gmail.com',NULL,NULL,NULL,NULL,NULL,NULL,NULL,'Ya','Aktif',NULL,NULL),(410420190318,385,'Dinas Komunikasi dan Informatika','Admin',1,NULL,1,'Gasik',NULL,1,'gasik','08536998877','muhamadnurgasikemal@gmail.com','$2y$10$cYFECiHYoNwn5QRf7EBEpOQuur7ALDQEk8HQGC3zEKP84vm.4IcTG','telematika','gasik.jpg','f0y8Zo9gEkJwOci5ivSsbYyMSw5oGoaPiXeCei12XRsNMhwE7QtEYkLYM1yr',NULL,NULL,NULL,'Ya','Aktif',NULL,NULL),(420120191220,324,NULL,'User',1,NULL,NULL,'Agen Biro Umum',NULL,1,'biroumum',NULL,'biroumum@jabarprov.go.id','$2y$10$VymAbg.XunM7xUc7D2oniO3gSXUP5siadv.W1mtIRmpKqgnRzF8QK','12345',NULL,NULL,NULL,NULL,NULL,'ya','Aktif',NULL,NULL),(420220191023,305,NULL,'User',6,NULL,NULL,'yosep','umbara',1,'yosep','081322305646','yosep81@gmail.com','$2y$10$qXj0e7bs1U276C7slvQleuMgeITP8tA7yju1YZDdlmY95JM.xziae','7umpun9k453p',NULL,'6I6OtKH2o9aHjtSU9vag7gsldGrRTaiWaPKLYfuSbcmyB1EG5q6ULBz1up1v',NULL,NULL,NULL,'ya','Aktif',NULL,NULL),(420720191023,363,NULL,'Agen',6,NULL,NULL,'Indra','Hendiana',1,'dpmdesajabar','081221220014','hendianaindra@gmail.com','$2y$10$A6X38VGCVOJgRqdD22zd5OCMQtIPW41DjeACaTdHU/mo4FShWwhWi','soetta466',NULL,NULL,NULL,NULL,NULL,'ya','Aktif',NULL,NULL),(420820200107,283,NULL,'User',1,NULL,NULL,'Agen','Dissda',1,'dissda',NULL,'dissda@jabarprov.go.id','$2y$10$HpMa/xMH1bStLlSDmxTAGO3PxVJNn1lN/F3gxHVNLbcsYD4veri/W','telematika',NULL,'4SdjUmMnTtMP5CPGZDc6U6VK5UOq99zKaav5LCAmBuvllO2tOUcOonbgyw9E',NULL,NULL,NULL,'Ya','Aktif',NULL,NULL),(420920210111,422,NULL,'Admin',1,NULL,1,'Riski','Setia',1,'riskisetia','085215700069','eldixmois@gmail.com','$2y$10$C.qSeej.cE4mk7bxvy5J0u54CBab5hwzZjXEECuHSIphxqZgGN1ra','onepiece802',NULL,'z35A49CGo6FCjX05XOln2PlJKY8QqYrEW6KoJC1Tk904Wa0mEzycdIOg7zHX',NULL,NULL,NULL,'Ya','Aktif',NULL,NULL),(430320210309,422,NULL,'User',1,NULL,NULL,'Eddy','Hidayat',1,'eddy','08262656565','eddyh@gmail.com','$2y$10$t0AJYdTkQzIV9V4aZvyw9.BgHfoof0z17Y9qak1BucJLFDOf5y45m','telematika',NULL,NULL,NULL,NULL,NULL,'Ya','Aktif',NULL,NULL),(440320201130,344,NULL,'User',1,NULL,NULL,'Saeful','Bahri',1,'dlhjuara','081318610048','pserverdplhd@gmail.com','$2y$10$58f80CvwEjBEyCzWs5WiEefMJhyyO0RAvECeLGC48lObTjdCX87Fq','dlhjuara2020',NULL,'9xP2n3pfde0Ne75zWYvsRJgc9EAOAR1WE2XJwH6pPaEIWD5NZzaRMIXYZSTQ',NULL,NULL,NULL,'Ya','Aktif',NULL,NULL),(440720191023,369,NULL,'User',1,NULL,NULL,'Syahnaz','Ratu Sahara',1,'Syahnaz','08112122298','syahnazratusahara@gmail.com','$2y$10$tevsenmGcANmbCUotEt0NuqYQxHqZDimdRpH/4CaqbOOwP0CfoMfK','syahnaz',NULL,'rc0KHn5uS67b9cUld5h76BU3t1LFPyJDOW0paadyDyrz8G5nbxyRTuXrCJkf',NULL,NULL,NULL,'ya','Aktif',NULL,NULL),(440920191202,501,NULL,'User',3,NULL,NULL,'Yaya','Sudia',1,'kepegum','+6287824696118','yayasudia2@gmail.com','$2y$10$f2AdXVMNKb7E0iJLKODmyuRRUh3HAPPW378FUtZV.MqEReVR.5xNO','telematika',NULL,'XPNs21c48XG5qBiy6U2eugJ2eEBSmOy9WxJyMagKEUB3PzQWKdUcNpXgFVJX',NULL,NULL,NULL,'Ya','Aktif',NULL,NULL),(440920200226,533,NULL,'User',1,NULL,NULL,'wendi','saputra',1,'tikomdikJbr',NULL,'wendysptra2@gmail.com','$2y$10$Gyg.9qqO2byuCKOk9F0X2eG1F3Ys.VhwipfJWgGseMyVMtYE7nYnG','tikomdikJbr123',NULL,'J5RLpizrx9pOwzRdVKnqC35FF17l9uY0ntxYqlwzlodwhdKJr8YJeu2xNIVu',NULL,NULL,NULL,'Ya','Aktif',NULL,NULL),(450120191023,413,NULL,'User',1,NULL,NULL,'Derri','Benarli',1,'uptdpstr','081221472404','benarli@gmail.com','$2y$10$JSssMuDe46EwYqsCJhYmcee7iI8d7ReNWhUG4KV.1gvZLiYxKvWwK',NULL,NULL,NULL,NULL,NULL,NULL,'ya','Aktif',NULL,NULL),(450220200814,481,NULL,'User',1,NULL,NULL,'UPTD','PJJWP I',1,'uptdwp1','0895808719191','uptd.w.p.1@gmail.com','$2y$10$GJ2bLogWeJaz6Xro6w2Z0.4j..f3Lhdi7WY2crHa1qswU.VfZ23s.','123456',NULL,'rXqFqBnfHtEmyXCdesSGuUO8KDrwZ4NiwrdQPH9cGBCpL7BpLx3YSqBccB7p',NULL,NULL,NULL,'Tidak','Aktif',NULL,NULL),(460520191211,359,NULL,'User',6,NULL,NULL,'Ilham Haji','Prabowo',1,'ilhamhaji','089650319009','ilham.bowo@gmail.com','$2y$10$bMvl8ux/UqByaB3ep8qqWOjpY.5AQS.ag66IBXMYkvMtuhFsFOdcC','contohkesatu',NULL,'Nly7cHgwhzKxIsqJdgjogS4aehds3guus3FbTq2iWySw6r1pXm5xDtx8AW4c',NULL,NULL,NULL,'ya','Aktif',NULL,NULL),(470220191127,480,NULL,'User',6,NULL,NULL,'Arie','Bramono',1,'Uptdpsdkpwu','081338917774','ariebramono@gmail.com','$2y$10$Vo.jN2thv15/g/Zt7UNg9ePObDcVpL4EuijSRpFi5JpS/w/SkMAoG','jaringan2019',NULL,NULL,NULL,NULL,NULL,'ya','Aktif',NULL,NULL),(470820191126,492,NULL,'User',4,NULL,NULL,'Rudi Eko','Hartadi',1,'rudieko','081324139919','rudek79@gmail.com','$2y$10$1x1J/dnqlU5tdMaKgTLMZeecbQpkJJ5ccAZHtIblsWbWAXdvOafPK','Nabila29',NULL,NULL,NULL,NULL,NULL,'ya','Aktif',NULL,NULL),(480220191101,385,NULL,'Eselon 3',2,NULL,4,'Deni','Hendriawan',1,'denihendriawan','08158828228','muh.denihendriawan@gmai.com','$2y$10$zewzOwj3RkHBq.X78jQ/hOMzJzrnUCVGhKcw04Zbx2c3GGKdbEH96','telematika',NULL,'ZmSRxMhZhlWNzIFQWiJBm5V7MvINjapJdHSG5nrF1eh05UOC9tcZ89TVfbCw',NULL,NULL,NULL,'ya','Aktif',NULL,3),(480220191126,426,NULL,'User',1,NULL,NULL,'Ranu','Permana',1,'Ranu','081320471994','ranupanji7@gmail.com','$2y$10$EdYg7haTaHcAp8t.NUrvjeWdwQgEusESPvwe4gXn6LPvcbMelSjcy','morrissey148',NULL,'nTRU0ON6VZxpMxj7ro5XsT7T7xBvRm9MW6P92xtGP8hFXXZARmyQ0vnJ2Bvo',NULL,NULL,NULL,'ya','Aktif',NULL,NULL),(480720200227,507,NULL,'User',2,NULL,NULL,'Dendi','Wahyudin, S.IP.',1,'diskom_kabbogor','085925081213','dendiwahyudin1@gmail.com','$2y$10$oVOHh5yc0WDxglgR8FT06.dBuhxoZZjV7tKYBHTW/RksZv42FokpK','telematika',NULL,NULL,NULL,NULL,NULL,'Ya','Aktif',NULL,NULL),(500120200716,454,NULL,'User',1,NULL,NULL,'fulan','fulan',1,'blkpmi','-','blkpmi@gmail.com','$2y$10$unSm8/eU2p4dyJBntzXbvOSGM1S2n55fk1VS.lsZkgTEgJirZAZdi','123456',NULL,NULL,NULL,NULL,NULL,'Tidak','Aktif',NULL,NULL),(500820191126,467,NULL,'User',1,NULL,NULL,'yudha','pratama putra',1,'yudhap','081221669856','yudhapratamap.92@gmail.com','$2y$10$r9cKWXtHkue2Kx.gLLnu1.lDKsuUMxoFkHxLUbefrEVX/pZDIeLi.','92830770',NULL,NULL,NULL,NULL,NULL,'ya','Aktif',NULL,NULL),(510220191126,495,NULL,'User',5,NULL,NULL,'Suhanda','Handa',1,'handa','081220047540','handasuhanda2@gmail.com','$2y$10$Xh2CEIZVfUrNXskdsChAzuQozrlw9hsKdGh7wFSVIbvNtvqi73/b6','Anung1972',NULL,'70GT7OXLKcZvNzyw2DamAN9Q0IEF5XJGM2A5lH3CfyVCVaG1hG3qbpNSJm5d',NULL,NULL,NULL,'ya','Aktif',NULL,NULL),(510620191126,439,NULL,'User',1,NULL,NULL,'endang',NULL,1,'cdk6','085353398855','endang.rustendy@gmail.com','$2y$10$Mi0LPNxhYI0jjynr.BJOLOTRujaN2e22DhmeJZJfCMgjChQ8yBtB6','12345',NULL,NULL,NULL,NULL,NULL,'ya','Aktif',NULL,NULL),(520520191023,341,NULL,'User',1,NULL,NULL,'Lusi','Lusi',1,'lucylawless','081319135300','abal26@yahoo.com','$2y$10$XpB9z2eb9gCXG/KRVEjNWufHJ9qxieoDgdcdTrlx0//TykUf4.n6K','janeeta03',NULL,NULL,NULL,NULL,NULL,'ya','Aktif',NULL,NULL),(520520191126,477,NULL,'User',5,NULL,NULL,'Gilang','Ramadhan',1,'gilangramadhan','085691989555','agilang.ramadhan@yahoo.co.id','$2y$10$ABG7368cOYXlXJz9GsK10OgtS8zEWvyk5wAtnkoj1x3lSNANGpEx2','123456',NULL,NULL,NULL,NULL,NULL,'ya','Aktif',NULL,NULL),(520720200814,482,NULL,'User',1,NULL,NULL,'iwan','kurniawan',1,'iwankurniawan',NULL,NULL,'$2y$10$/XBN5X2X7IHozihOBK4rm.5omSsDrKUZlbIETe1ipJtmFpWgRXV5i','123456',NULL,NULL,NULL,NULL,NULL,'Ya','Aktif',NULL,NULL),(530520211210,422,NULL,'Eselon 3',3,NULL,NULL,'Purnomo','Yustianto',1,'PurnomoY','081325033377','riemmameristella2@gmail.com','$2y$10$VEYMzoDtlUeBVZGxqdOMCe1Hon.moSIPKwKQoZDqiJpmgKoSs5IOG','PurnomoY1','20211221073706_king-head-vector-logo-icon_43623-454.jpg','vT3Wa2Eqkyff2EKawuV3JJVjO66yuMq5oLdxjidg0gU7ZfIMvF1kLOMnUXZ9',NULL,NULL,NULL,'Ya','Aktif',NULL,3),(540120191024,297,NULL,'User',3,NULL,NULL,'Buladih','Buladug',1,'buladug','08255892528','buladug@gmail.com','$2y$10$nQJngJBwCQFGYn9.jjiaxeL9L9aglNf6AnPQhaE7xliIlF2MCD9pq','telematika',NULL,NULL,NULL,NULL,NULL,'ya','Aktif',NULL,NULL),(540620191126,282,NULL,'User',5,NULL,NULL,'Agung','Sumbowo',1,'Disnakerjabar','087824646465','agungsumbowo13@gmail.com','$2y$10$qX4ULuR/PHCSsQ/eAtt88OPk5rdJzl2/49iivIkp9mh0UpcYUGrGm','disnaker12345',NULL,'fGLOZLLCRB9ieF0d0VBjNHpjfe2S6ZuCEOkqxjInhq33c9PJGXMiNgZe2jTl',NULL,NULL,NULL,'Tidak','Aktif',NULL,NULL),(550120191023,299,NULL,'User',6,NULL,NULL,'SIMRS','RSJ PROV JABAR',1,'simrsrsj','081324778998','simrsjprovjabar@gmail.com','$2y$10$2Cqf7k2Zx3d1vkfzc3R4CefwtDx6/BDNmEYnujU7f6Po45OkkR8v6','197306',NULL,'0Z3RgxV1oy2jvSpJSAmVE4hTYa1fgIgI400w6LYBD9LWclJYYhRnSmg2wDTn',NULL,NULL,NULL,'ya','Aktif',NULL,NULL),(550420210823,422,NULL,'User',1,NULL,4,'Didan','Osman',1,'198506262020121008','085295613850','1985062620201210@jabarprov.go.id08','$2y$10$eqF.rEsB0yYzQxgORZ5gz.5vi2Ob2LKhlvDvAAULipuS9z2FATiFi','198506262020121008',NULL,NULL,NULL,NULL,NULL,'Ya','Aktif',NULL,NULL),(560720191023,380,NULL,'User',4,NULL,NULL,'Cucun','Suherman',1,'Cucun','085220084746','cun81suherman@gmail.com','$2y$10$ZIDUCEWKIDON0Y9cAa0pkeFEP7usq/tTvffZ/tOJhYJMzK8ERvoVS','dpmptsp',NULL,NULL,NULL,NULL,NULL,'ya','Aktif',NULL,NULL),(570420200824,334,NULL,'User',5,NULL,NULL,'Asep','Sutrisno',1,NULL,'081297552182',NULL,'$2y$10$ZSnwPio7sPw.irnX8/spi.Ff/weUrNjnXXhrK9GljgN2DxUa9NXfe',NULL,NULL,NULL,NULL,NULL,NULL,'ya','Aktif',NULL,NULL),(570820201113,501,NULL,'User',1,NULL,NULL,'Endang',NULL,1,'servicedesk',NULL,'endang@gmail.com','$2y$10$omFOggLBbHHR0v9S7Ls.IOAnP0YwGXhp/2iyGcP.AIaiDVlaJ8Wa6','telematika',NULL,NULL,NULL,NULL,NULL,'Ya','Aktif',NULL,NULL),(580720191023,398,NULL,'User',1,NULL,NULL,'Dion','Alan Nugraha',1,'dion','087828207785','dionnugraha09@gmail.com','$2y$10$14HBiNVUlzjaVYDwUWD8JOCbxwKEphbk5S0l5yRbBprEKrTpgPQLq','dion09',NULL,'vdYRUMz18uJbZawyeTlYRnS5hcDbBNnpxqrT5pYYuFk5YCnhj7A4YX279uo3',NULL,NULL,NULL,'ya','Aktif',NULL,NULL),(580820191108,366,NULL,'User',NULL,NULL,NULL,'Badan Penelitian dan Pengembangan Daerah',NULL,1,'bappeda',NULL,'public@bappeda.jabarprov.go.id','$2y$10$iS2ixqsN2g.Yion8z2vJ5OLmOslrEV1HAagORbyudTdTqPLoB1qj6','12345',NULL,NULL,NULL,NULL,NULL,'ya','Aktif',NULL,NULL),(580920191023,314,NULL,'User',6,NULL,NULL,'AMIN','AYATULOH',1,'Amin','081312764321','aminayatuloh@gmail.com','$2y$10$bgSfaJlasqTkefUvM4uRqe7F.ejLVp1mQx7yPUFyjTKHsfDPxxsPi','Rahasia629',NULL,'TO5qHSlxTQ79HrkmewYrfjSMgar7Nk9necwuAy3zqPiWzTPdhPfoNdIvhpLX',NULL,NULL,NULL,'ya','Aktif',NULL,NULL),(590220191023,291,NULL,'User',6,NULL,NULL,'wendy','saputra',1,'wendy7','081220768200','wendisaputra0107@gmail.com','$2y$10$IfD.Zz8vNCSv4fBvThIzG.K6kURBnStemSU2kWVhyK0QowLAJcw.y','wendy123',NULL,'sWNG6wFvLxOrqxW6mlXwUlc7QST9VV51sfZS1brFejV0BF8WfjB0cYbK9DLs',NULL,NULL,NULL,'ya','Aktif',NULL,NULL),(590520191023,400,NULL,'Koordinator Agen',NULL,NULL,NULL,'Hanung',NULL,1,NULL,NULL,NULL,'$2y$10$daWedGpR9J.Ai5twBscaDufYEjANeiWICmGLUB5RxbovQCj3fAuRS',NULL,NULL,NULL,NULL,NULL,NULL,'ya','Aktif',NULL,NULL),(590920191022,406,NULL,'User',3,NULL,NULL,'Kurniawan','dwiyulianto',1,'kurniawan','08587979444','kurniawan55@gmail.com','$2y$10$ix7tsPibmuJ9.LiOL8ePO.aqfT69OwWsIuQODaIKkQZvjXGX/bu5y','telematika',NULL,'sTA8eRsiGfQtS8iPVuIzTS27IIfzgIYChFYlPoA8yxR4RbheB0G43F9mTrh9',NULL,NULL,NULL,'ya','Aktif',NULL,NULL),(600420191127,399,NULL,'User',NULL,NULL,NULL,'Naz',NULL,1,'uptdpengawasancirebon',NULL,NULL,'$2y$10$pCI5uVv5kgrqz5/1pWZ8OeRIw14.FE4W1w6jFmvaNRzk746Vxnqu6','uptdokw3crb101',NULL,NULL,NULL,NULL,NULL,'ya','Aktif',NULL,NULL),(600720191126,463,NULL,'User',1,NULL,NULL,'BPTPH','JABAR',1,NULL,'089661971444',NULL,'$2y$10$vSrVWOIDODUphfbuFpMdTOMnETSDn0r7r4iSZJPx7wkNJQ/CEvk6u',NULL,NULL,NULL,NULL,NULL,NULL,'ya','Aktif',NULL,NULL),(610320191023,292,NULL,'User',4,NULL,NULL,'Imam','Firmansyah',1,'adminsiak','085861118669','imam.firmansyah234@gmail.com','$2y$10$QpDv/PqSYkFaNl3TeuXRz.RoK7zelKehL9OEr40KAzdZj2WORn0Fy','s14k',NULL,'EZ92Q221l09IBz8k0WDDQrgwma05zgUVU4gkfVoV8mH0O7ndQd9beJeneqzz',NULL,NULL,NULL,'ya','Aktif',NULL,NULL),(610320200227,524,NULL,'User',1,NULL,NULL,'Ridzki','Abdurakhman',1,'diskom_kotatasik','081290247054','ridzkiabd@gmail.com','$2y$10$.zl8r6JjwOP2WukiBg0MrOFe18Fm0jz4ZZx9uqe/bHrUwexKwZAXq','telematika',NULL,NULL,NULL,NULL,NULL,'Ya','Aktif',NULL,NULL),(620520200227,512,NULL,'User',1,NULL,NULL,'Aris','Sandya Yudiawan',1,'diskom_kbb','08124116569','aris.s.yudiawan@gmail.com','$2y$10$rgkOrLQk9geZemFPgcGAZuZ/.AfibKxL/MYPAX7PriUPilIAvsfQm','telematika',NULL,NULL,NULL,NULL,NULL,'Ya','Aktif',NULL,NULL),(620820200709,539,NULL,'User',1,NULL,NULL,'Agen','Citarum Harum',1,'citarumharum',NULL,'citarumharum@gmail.com',NULL,NULL,NULL,NULL,NULL,NULL,NULL,'Tidak','Aktif',NULL,NULL),(620920200814,305,NULL,'User',1,NULL,NULL,'uptddkpp01','disnak',1,'uptddkpp01','08123e424','fgfgf@gmail.com','$2y$10$Q0bgex9XPKDRnBIEeuNSI.JY.Xw4BmECz5e2M2/5PSpvhkzKscZ9u','123456',NULL,NULL,NULL,NULL,NULL,'Tidak','Aktif',NULL,NULL),(630420190918,NULL,'Satuan Polisi Pamongpraja','User',NULL,'staff',NULL,'jaenul','ha',1,'jae','82324343','ssh@gmail.com','none',NULL,NULL,NULL,NULL,NULL,NULL,'ya','Aktif',NULL,NULL),(630520191126,484,NULL,'User',1,NULL,NULL,'Roni','Syaroni',1,'Syaroni','082317065065','syaroni.rs@gmail.com','$2y$10$H7Q7NeqpZ3z25ZF9lrnKLeNAi1wt93zBpJU.8FXrpXzmNxLr/EBfS','12121977',NULL,NULL,NULL,NULL,NULL,'ya','Aktif',NULL,NULL),(630620211210,385,NULL,'Koordinator Agen',2,NULL,NULL,'Bambang','Kasie',1,'Bambang','081325033376','Bambang@gmail.com','$2y$10$FhkJaB70EaFVOpDxGvop3uSIv06OtN/v7hJ5QZAq7N9iZt3JebXcG','Bambang1',NULL,NULL,NULL,NULL,NULL,'Ya','Aktif',NULL,6),(640220191126,474,NULL,'User',1,NULL,NULL,'Yusup','Ridwan',1,'ayusthea','085720002679','ayusthea@gmail.com','$2y$10$y/wMy080cDJTyT1gkoAsG.CijISAFalzlNDkzg4LBQFjffTVyexkW','spunkk1979',NULL,'Pt6IMIROYgl4d4pZJV5wgXgyc8LPpnGjfZNbXYpoijMexoxrg7rtnxAd4pmO',NULL,NULL,NULL,'ya','Aktif',NULL,NULL),(650220191023,419,NULL,'User',1,NULL,NULL,'Fahmi','Ramdani',1,'Fahmiramda18','085320555737','fahmiramda18@gmail.com','$2y$10$IQvK2cB9oq1a9T0bI/c35uX6KGCEcKOxms7jmqiY1WGTTnlddFs5q','18031992',NULL,'5VI5dZcw8IIgJprsYj8aoc56uSbVSD9VWY2CQ6l4GAQbQgFiwAUk7PJdMgZR',NULL,NULL,NULL,'ya','Aktif',NULL,NULL),(650520200129,503,NULL,'User',1,NULL,NULL,'MARWAH','MARDIANSYAH',1,'diskom_kabmajalengka','085223352001','marwah.mardiansyah@gmail.com','$2y$10$GgkejtJOv3ABq9gy5wWqzOGUz8XjIvS1KE6eF1X.QsF.p2BFNgBq6','telematika',NULL,'LZmic5WjnrHDPWPsoGogdyh9hB5DwDe8SVME3BMpjIcdNH6r2L5osqtx2na7',NULL,NULL,NULL,'Ya','Aktif',NULL,NULL),(650620200824,334,NULL,'User',4,NULL,NULL,'Asep','Sutrisno',1,'35smprov','081297552182','humasesdmjabar@gmail.com','$2y$10$ZWoHr..CC0Z0G6nK2bbtG.xHRDKPgG4qbgE4F6odkfbASjqIwXrBS','35dmprov',NULL,NULL,NULL,NULL,NULL,'ya','Aktif',NULL,NULL),(650820191204,384,NULL,'User',1,NULL,NULL,'ujang','maulana',1,'ujang','088598455','agen.grab95@gmail.com','$2y$10$WUrrO8kXWNwoVRYSy5CQuOAFppDzxRyXKOodD7Yf9GgJGMSCR2OxS','telematika',NULL,'ZcU8RWsfds9jB6vPZ3YLZDrXkIFj3JnBqLfLEEBl8wLNOybS4VGA4OuayjGO',NULL,NULL,NULL,'ya','Aktif',NULL,NULL),(660320211210,422,'Dinas Komunikasi dan Informatika Provinsi Jawa Barat','User',1,'Staff',1,'Riemamam','makan',1,NULL,'8798989898','balabala@gmail.com','none',NULL,NULL,NULL,NULL,NULL,NULL,'ya','Aktif',NULL,6),(660420200227,519,NULL,'User',2,NULL,NULL,'Reza','Nowipa',1,'diskom_kotabekasi','082298999925','nowipareza@gmail.com','$2y$10$BnBTG/XBEvDhHFV6A0Xa5uyDAV8m/zeH361Y9RKM0Afuo72dsuHh6','telematika',NULL,NULL,NULL,NULL,NULL,'Ya','Aktif',NULL,NULL),(670320210107,422,NULL,'User',1,NULL,4,'Beni','Tyar',1,'beni','08122253498','beni.tyar@gmail.com','$2y$10$HwU4wYIzOJp3DUn.wTNsH.m/IqLFUOxO9yRbjontUZhXJ9CJN/7am','telematika',NULL,NULL,NULL,NULL,NULL,'Ya','Aktif',NULL,NULL),(670620201027,310,NULL,'User',6,NULL,NULL,'Asep','Kamil husni',1,'@mil','081802120010','asep.kamil.husni@gmail.com','$2y$10$QV2FZCj.zKz9A9KVUZo9jOpDiGoPI8Yf1Oje58chCLuR4bILGFiVu','@123456',NULL,'2ZnHY4imRGvSPvZT1ZKp2fxW4FvhiQUaLd1vCQXOFDShz4KC2U4g04FC0g8e',NULL,NULL,NULL,'ya','Aktif',NULL,NULL),(670920200227,523,NULL,'User',2,NULL,NULL,'Irwan Nugraha','Mansyur',1,'diskom_kotacimahi','087722066227','irwan@cimahikota.go.id','$2y$10$f3tA35U3y7IHIGuoqoLvzehT1D8oL/1h.lSKSt4URqXStGp8Rloka','telematika',NULL,NULL,NULL,NULL,NULL,'Ya','Aktif',NULL,NULL),(680120191023,416,NULL,'User',5,NULL,NULL,'Mochamad','Riyadi',1,'kang_adi','085222508253','riyadi.mochamad@gmail.com','$2y$10$O.i8L1.184bE9r.jyIKsf.2SUWUAxgd9KkNr0PnKpDvBNak/S4LVu','adi266690',NULL,'nVtiKIfXjkLj95HPgyOAZ1PwVsEtvc3eznlKixTDNuZCSRulxGRwKBCvPt2J',NULL,NULL,NULL,'ya','Aktif',NULL,NULL),(680120200814,337,NULL,'User',1,NULL,NULL,'dicky','cabdinhut wil IV',1,'dickycabdinhut4',NULL,NULL,'$2y$10$C26gQgKYQLeGdbCgXDjIkOOt1VMwZ5m8zYgbDdAuqnttHXTDn3WsO','123456',NULL,'0oaIof5UUbugskAPakTbgI1c4qqcnZmqyzCai96pS9zTmFj5cY2XFkjldfyb',NULL,NULL,NULL,'Ya','Aktif',NULL,NULL),(680820191126,476,NULL,'User',1,NULL,NULL,'Stepanus Erik','Setiawan',1,'pelayanan','081324387964','stepanuserik2903@gmail.com','$2y$10$EDGRZUotzh8KjGUhQn7coe/gu1zndjwU7VpnCfF0Y.f3rTcON9Dtu','pengolahan',NULL,'RW7jbIp1uP9xlSDiTXM0BbKFP8i7j8vaUiHhoguC3KplsjE4sHxRPW3M4xZG',NULL,NULL,NULL,'ya','Aktif',NULL,NULL),(680820220105,385,NULL,'Agen',1,NULL,NULL,'Budi','Anduk',1,'budianduk','0893414','danzytb@gmail.com','$2y$10$TmNb0raO27TA7hjk6T1yvevD3iuftQTwx2bGoJ7YaTcPQqAwUGzhC','budianduk',NULL,NULL,NULL,NULL,NULL,'Ya','Aktif',NULL,7),(680920191126,494,NULL,'User',1,NULL,NULL,'Riyan','Muharyadin',1,'ryan.ypkp','085624929632','ryan.ypkp@gmail.com','$2y$10$0GhbHTFC0bH/Av5ho.alU.W06GDj1E7kiAfx3ISR8kkFLSpT3OEQ.','plakenut',NULL,NULL,NULL,NULL,NULL,'ya','Aktif',NULL,NULL),(690120191107,309,NULL,'User',5,NULL,NULL,'Lingga','Dwi Prayoga',1,'galingga28','083128575668','linggaprayoga90@gmail.com','$2y$10$hNecQRUaBk0drzGFJxIW.e/xYL5zIOYMtA97IP3DClTIJk6mrmFd2','dinsos3311',NULL,'zJqigaEyr1halbctg7PrRR1BcCgCKKHMmkkQkwOnpuZ9i6FYfYmn5lZkwalh',NULL,NULL,NULL,'ya','Aktif',NULL,NULL),(690220191023,385,NULL,'User',1,NULL,NULL,'Sutisna','Tisna',1,'Balatkop','081222123910','tisnasutisna328@gmail.com','$2y$10$I8V/9eqx106jV/aFdYRTDOe0wwfSPSoD3TvW/MY6X2ogyUUU80Rh6','Balatkop',NULL,NULL,NULL,NULL,NULL,'ya','Aktif',NULL,NULL),(700120200227,515,NULL,'User',3,NULL,NULL,'Yuli','noviawan',1,'diskom_kotasukabumi','08156308295','yuli_noviawan@sukabumikota.go.id','$2y$10$cSSaa/YpnYAiW5brJuLSz.gGyEH.N7sYEnhgePMqBFyKgydl99qfi','telematika',NULL,NULL,NULL,NULL,NULL,'Ya','Aktif',NULL,NULL),(700220191126,428,NULL,'User',1,NULL,NULL,'Ade','Kurniawan',1,'Bpptunggas','082119308366','kurniawan59.ak@gmai.com','$2y$10$ZQZfRrlFojSYRhIE4.w.V.GkKQ02sovr3CXclzPDgI0kHLmJJyoCy','kurniawan',NULL,'4onx64sWhxgEnUqCwGezxj5Z3XNtA8ftZJAJiXI2GQN8YaRjgRemde4buz9z',NULL,NULL,NULL,'ya','Aktif',NULL,NULL),(700620200227,506,NULL,'User',2,NULL,NULL,'Arif','Setiawan,M.Kom',1,'diskom_kabkerawang','085312848465','arif.setiawan@karawangkab.go.id','$2y$10$jWF4nC4H/bmEGQmw/hBmFuVAk55a/KNPcIsW76yIX5NPwLaGuZOYu','telematika',NULL,NULL,NULL,NULL,NULL,'Ya','Aktif',NULL,NULL),(700720191023,288,NULL,'User',5,NULL,NULL,'Biro Pemerintahan','dan Kerja Sama',1,'biropemksm','081394181993','biropemksm@gmail.com','$2y$10$b.s9wOg/4jwN5XqEW1YhHuAU3kCVEIALjLOEVlRJPnHCPdK8gYzry','#biropemksm22',NULL,'x252nYlPhe4qc2y8Rji9UI9Q2AxNZOIhUTmDJmKPOZaNh5LDY8n1jLu1ajV0',NULL,NULL,NULL,'ya','Aktif',NULL,NULL),(710120191023,364,NULL,'User',4,NULL,NULL,'Herni','Nurtini',1,'Statistik','085222342031','bidstatistik@jabarprov.go.id','$2y$10$raLvBYaoj5MPNQxBbR2Bouhjz5yUji02chkG5ihzzqUpTf.Iu7Avu','~statistik',NULL,'tDlVw5xaxZZl8VA8KDe76yBbtnvq065snKPl0PPbw45rl5VowRS7eMOX96bo',NULL,NULL,NULL,'ya','Aktif',NULL,NULL),(710720200804,541,NULL,'User',1,NULL,NULL,'User','STSN',1,'stsnusertest','0813216444111','stsnn@gmail.com','$2y$10$tZRrz.ysza9ggUyd2NSCReTGHnBQcYCKUdVr5gGCmFVAHNN/yJnTy','*stsn123#',NULL,'QhnmTygiKRc0xkbqzJ2wg34wyhl1Kwo03UBesLwSFVD8MxFovvc8geoKXwhe',NULL,NULL,NULL,'Tidak','Aktif',NULL,NULL),(710820191126,478,NULL,'User',5,NULL,NULL,'Gifary','Setia Putra',1,'gifary10','083829058640','admin@gifary.net','$2y$10$pfuk0V/Rtv6BcYQ/NcFUgub8c8rk.2lxZhpvXWwJYe4/6decogYga','arsenal1995',NULL,NULL,NULL,NULL,NULL,'ya','Aktif',NULL,NULL),(710920191023,380,NULL,'User',4,NULL,NULL,'Harry','Wiwardhani',1,'hwiwardhani','085721014994','hwiwardhani@gmail.com','$2y$10$nKuovrzIZljGhSjet9BPq.RsTRCOCH/fHVEe1.zRbrptInA8/PHhi','graveyard',NULL,NULL,NULL,NULL,NULL,'ya','Aktif',NULL,NULL),(720620200615,537,NULL,'User',5,NULL,NULL,'suhardiman',NULL,1,'tahuradjuanda','083112343037','tahuradjuanda.official@gmail.com','$2y$10$9Wskd/yJ5K6zQh6LaOF3UOuZm.CHA4EnJtkeHfgGLjmTD20fcEm.a','pakardago99',NULL,'8uvPMzYjOhURUmh8ciTENpiaWpTEZzsbN7Oz7s3U9MlIvbvKTlIou5IqqDLb',NULL,NULL,NULL,'ya','Aktif',NULL,NULL),(720820200227,513,NULL,'User',1,NULL,NULL,'Ardiansyah','Pahlana',1,'diskom_kotabogor','085716360646','ardipahlana@gmail.com','$2y$10$d1OUyGqzlFSi3GrPVIjWoedhPXYfElMEv3e4Ykg4C2.E/PukKhmFK','telematika',NULL,NULL,NULL,NULL,NULL,'Ya','Aktif',NULL,NULL),(730420191104,374,NULL,'Agen',5,NULL,4,'Indra','Hardiyanuari',1,'indraaptika',NULL,'indra.h@jabarprov.go.id','$2y$10$DiELYdbouJm174PQsLtqG.gKIEXhDYaRSf0JMDzjsrDCWZBd2I1Nq','telematika','20211221064717_mgid_arc_content_nick.jfif','VWttQa7osbcwma1bnEjgUJI3EDKy6rQWvzFsCaMrYfjmidymBOLS1NP86BvV',NULL,NULL,NULL,'ya','Aktif',NULL,NULL),(730520191023,310,NULL,'User',1,NULL,NULL,'Miftah','Fauzy',1,'plopd19','08112104248','vintagemen83@gmail.com','$2y$10$EpE1zXUr34qIVeTYfs1IS.rKxqeEY.Iq/oFOEsxCuVU6sRgwORE6C','plopd12345',NULL,'fE4s2mQme6XWKx70yVIDrXoYbRSzO9aL0boy1AEb5AmdDETFAr0z8JaC46cM',NULL,NULL,NULL,'ya','Aktif',NULL,NULL),(740320191126,305,NULL,'User',1,NULL,NULL,'Samsudin','Samsudin',1,'Samsudin','082127528800','samsudin32262@gmail.com','$2y$10$WjqfdDKDOJB/XcJayqBxAuJ2y82UTeKbWjvWQ0FqAqYa7s076MyWS','samsudin16',NULL,NULL,NULL,NULL,NULL,'ya','Aktif',NULL,NULL),(750220200227,518,NULL,'User',2,NULL,NULL,'SUHENDI','SH',1,'diskom_kabciamis','082118058881','suhenditkci@gmail.com','$2y$10$6KOa1IcJINXcBFuH70lQ7eMxWew53qVWvwkjTHe9DkBoWWStKCPd2','telematika',NULL,'T9ymx0gsqgtYB0VUU7fO31Bq2ETSKbuKRMAgyU865jTYWeRvfCA8hnAJHGzy',NULL,NULL,NULL,'Ya','Aktif',NULL,NULL),(750220200228,527,NULL,'User',1,NULL,NULL,'Raden','Dony Santosa',1,'diskom_kotacirebon','081324622399','r.dony@cirebonkota.go.id','$2y$10$S.EAczXA0S4kl2g2IwPXyeOgU.x2IquBUOvOB6WRd5KyLJMSz89vq','telematika',NULL,NULL,NULL,NULL,NULL,'Ya','Aktif',NULL,NULL),(750720191126,493,NULL,'User',1,NULL,NULL,'Adi','Perwandi',1,'tasikmalaya','085223444894','perwandi_83@yahoo.com','$2y$10$1bABQtBXGSYzBVskk7O1CeDE53pTh9wgEEfDgyxaFB75apwXhgvG6','tasikmalaya',NULL,NULL,NULL,NULL,NULL,'ya','Aktif',NULL,NULL),(750720200228,516,NULL,'User',1,NULL,NULL,'Septian','Dwijayanto',1,'diskom_kotabandung','081931336207','septian@bandung.go.id','$2y$10$CI2SdjY.Pml.wCIy.1uINuCnhiLXusGEGGCIrhnzGxgJh//8BRY8K','telematika',NULL,NULL,NULL,NULL,NULL,'Ya','Aktif',NULL,NULL),(750920200429,534,NULL,'User',1,NULL,NULL,'Haris',NULL,1,'ki','081322875301','harrishandriawan@gmail.com','$2y$10$2kef3iJo8tT4I8pbgK6ky./E2X/X2i0fl29x0CIM6/0jY08iAZ5IG','*KI2020#',NULL,'Y018xH56dXMGT5k90Q6UEiKx6jXtY1qKYcEg6krepZYcRfqswy7Ix6B5c24j',NULL,NULL,NULL,'Ya','Aktif',NULL,NULL),(760120191023,375,NULL,'User',6,NULL,NULL,'LPSE jawa barat',NULL,1,'LPSE123',NULL,'info@lpse.jabarprov.go.id','$2y$10$riQeZBHzsuWBgckQzMXz/uCm/u.ueu/eBMjYqaqH2UKv7wf5eHD1m','@jabar2019',NULL,'HTUKeGaiw512kL762HchnQwV48WwWKhQubt0oKt4jBfh6qYrBOj9ELpYTWeI',NULL,NULL,NULL,'ya','Aktif',NULL,NULL),(760320191023,333,NULL,'User',1,NULL,NULL,'Andy','Karyana',1,'Dbmpr','08121408870','karyanaandy@yahoo.com','$2y$10$NXyeDJV4Rc7flGCZFtypterlPWzrJs8mvQnd6mLGWlPKW1C0D41h.','Dbmpr',NULL,'wkJgFpduiiUaksrMP1G66WFDz4STUZUM0a0N8VnumhpaJtlWYA1ksbH91IPU',NULL,NULL,NULL,'ya','Aktif',NULL,NULL),(760720191127,392,NULL,'User',1,NULL,NULL,'Benih','Kentang',1,'kentang','08122468434','bpb_kentang@yahoo.co.id','$2y$10$R.86cpI0pmpjdMWz5FbtFeK8tWd97weavl4bIdLYcEZ9GIiCVy1a2','pangalengan',NULL,'h1Ns9oXFRcMQIZtBs0W3xI02LLI3pRya3tVp7VwEDr0RDMTZgnJLdw7d71R1',NULL,NULL,NULL,'ya','Aktif',NULL,NULL),(760820191126,459,NULL,'User',1,NULL,NULL,'tony','Setiawan',1,'tonysetiawan','085559140937 -  087857031036','tonysetiawan1966@gmail.com','$2y$10$B8AsVDmPqjI/RZq5RvIkN.uOoD6iqoxgfrf34WioNRBwRl8xa3/b.','123456',NULL,'SxGNDO48IAHOWYoVUqcW9Qrb426R4HjnTTqWxXsGA6tm0YJp3S0xPk65SXFB',NULL,NULL,NULL,'ya','Aktif',NULL,NULL),(760820211210,385,NULL,'Agen',1,NULL,NULL,'Luthfi','Egov',1,'Luthfi','081325033376','Luthfi@gmail.com','$2y$10$bFk5.jUNyG2VUyIicPhtsuy0ldJhMRFbh5c86EELQDLkN0SMZ3JP2','Luthfi1',NULL,'R9wMOJcVQpovc52zcXBQhM65eFwISj8IBBJaU6iMVvsyMLC6PyNquyVBnf0g',NULL,NULL,NULL,'Ya','Aktif',NULL,6),(770320210822,422,NULL,'User',1,NULL,4,'Beni','Sulistyarso',1,'199207302020121011','08843896346','199207302020121011@jabarprov.go.id','$2y$10$XVg9S5yWptMnEx/fqXu4beeOSgNfkiDNDsKm6IRdr/S0FUKbtzEuu','bGXpjcUFdLN4J6P',NULL,NULL,NULL,NULL,NULL,'Ya','Aktif',NULL,NULL),(770620191112,400,NULL,'User',5,NULL,3,'Mumul','Mulyana',1,'kangmul','082121470881','moel@jabarprov.go.id','$2y$10$tYNaKuAuI3Zbw7rxNWHjKOp1mYyB4FyrOXlR4KWV8zOHrdj9x/08K','kangmul1980',NULL,'QS5miPvmW5zK5x7lQQjbmtIuidVV6i7ov70x1DpDoVX5AZLpoU770n4QVHa8',NULL,NULL,NULL,'ya','Aktif',NULL,NULL),(770720191126,463,NULL,'User',1,NULL,NULL,'BPTPH','JABAR',1,'BPTPH','089661971444','andikasundapurnama83@gmail.com','$2y$10$eVQ45X4duxDHyS3cW0SjouytzEulAa.sGkX43jSYGoNqS5xu5WL7i','BPTPH2019',NULL,NULL,NULL,NULL,NULL,'ya','Aktif',NULL,NULL),(770920200518,385,NULL,'Admin',3,NULL,4,'Purnomo','Yustiato',1,'purnomoyustianto','083820210929','yustianto@jabarprov.go.id','$2y$10$M1cN.oM6y3bWIJECH62IJ.RQu.yAuvfULqU9sRw3WJocmY6a1drxS','aptika365',NULL,'8zF28X2fdWAi76P85NnZD9IzmQ7wHV3jV3HUVZSNDR7ND4TsQyiyZOw4j46J',NULL,NULL,NULL,'Ya','Aktif',NULL,NULL),(780820200227,525,NULL,'User',1,NULL,NULL,'FEISAL','FACHROBY',1,'diskom_kabsumedang','081224050515','informatika.sumedang@gmail.com','$2y$10$RN55fA6RjLwFL1ysYWn.ju6eHOiEAPQC9RAuXQSO8KilQ0SKPeT9u','telematika',NULL,NULL,NULL,NULL,NULL,'Ya','Aktif',NULL,NULL),(780920200814,489,NULL,'User',1,NULL,NULL,'Agus','Simamora',1,'UPTD LLAJ WIL.III','082117990037','agus25simamora@gmail.com','$2y$10$9P3Jflmqtb5Z9BjkxMGRZOo34iR.R7OGM5jld8OvaFEZQMAyE.qiW','aselole123',NULL,NULL,NULL,NULL,NULL,'ya','Aktif',NULL,NULL),(790320191023,375,NULL,'User',1,NULL,NULL,'DANIAR TEGUH PERMADI',NULL,1,NULL,'082218644004',NULL,'$2y$10$6cHkkZPXpdM9yEldaM/XNuCHJujLuZHhbaT12nIyneggfMOqYiwTa',NULL,NULL,NULL,NULL,NULL,NULL,'ya','Aktif',NULL,NULL),(790920200910,542,NULL,'User',1,NULL,NULL,'User','PSRPD',1,'psrpd',NULL,'psrpd@gmail.com','$2y$10$ywEH6gaaE1irZSJzNjzvrOv1HIe3N9qA1orGNarXnCgd6n97zJn3S','J4b4rju4r4',NULL,'ieKZFEFP4GdcrX1jaSU7JQwltLN1Kc8zKzNYxJ3wjliPu1MEMpaLxYGH92eR',NULL,NULL,NULL,'Ya','Aktif',NULL,NULL),(800120200228,517,NULL,'User',1,NULL,NULL,'Ade','Nirwana, S.Sos',1,'diskom_kabtasikmalaya','085223233423','adenirwana1@gmail.com','$2y$10$FsVgtNO99fJZIcKyTQgfruSm1BjjpVWRzTuXP2LchjFc.MmFrQUDe','telematika',NULL,'686aOO0IxDxI7NvwDKzYSIUtcTsSYFUruCnJvXx7qG9VYR5EjTP6JMzG94aF',NULL,NULL,NULL,'Ya','Aktif',NULL,NULL),(800220191023,383,NULL,'User',1,NULL,NULL,'Fajar','Budiman',1,'fajarbud2311','087700076020','budimanfajar33@gmail.com','$2y$10$CHUkGZG6GKY7mVDASqfa5u7R8erUQNMrSxSKkWHMQsnhLPk5MXUNe','Bismillah1357',NULL,'Yx3cxCKQ15zopKzXvXcOZyA1z0JlrUBN4XhZxYLT3ficOkfxBJn94E8UqfE9',NULL,NULL,NULL,'ya','Aktif',NULL,NULL),(800420191023,413,NULL,'User',1,NULL,NULL,'Derri','Benarli',1,'uptdpstr','081221472404','benarli@yahoo.com','$2y$10$MGoy2gjJMjhVplbk1VjKLuJCSoDpzaZbAYfYhYJMzOFAFc0GNaQpK','uptdpstr',NULL,NULL,NULL,NULL,NULL,'ya','Aktif',NULL,NULL),(800820210117,307,NULL,'User',6,NULL,NULL,'dhika','syahputra',1,'distan','083817482975','andhika.syahputra@distan.jabarprov.go.id','$2y$10$W67EORVTCTANow/izTGH3eLzMPa7QYBBETidY7qzrzLkS8K/ZfgmK','distan2021',NULL,NULL,NULL,NULL,NULL,'ya','Aktif',NULL,NULL),(800920191024,298,NULL,'User',1,NULL,NULL,'Bakesbangpol','Prov.Jabar',1,'kesbang.service','083829024781','service.kesbangpol@gmail.com','$2y$10$dVRkN5W2Z402aj/rUfAwveFXqkMFIhnHB0UNbbkrDNYi3pw3B1AR.','supratman44!',NULL,'xlFriRvPihAxoVurty5cNxtSY0qZINDs6u0QMPeUEMA8cJyK30wSUqGBoPPf',NULL,NULL,NULL,'ya','Aktif',NULL,NULL),(810520200923,334,NULL,'User',6,NULL,NULL,'ictadmin','desdmjabar',1,'ictdesdmjabar',NULL,'ict.desdm.jabar@gmail.com','$2y$10$xL9gPrUITE6ClOs4JEHQ..KPdEZUgfew845F08DNNTA5ARJLixR62','35dmProvJabar',NULL,'jyWTZKcUzAB18txvsdKbWQUg3kGSPtfNfzRKnCh8LQtEdN5gX8A1Tk33E1ND',NULL,NULL,NULL,'ya','Aktif',NULL,NULL),(810920191023,367,NULL,'User',6,NULL,NULL,'Jajang','Junaedi',1,'Indagjabar','082120862862','jajangjunaedi21@gmail.com','$2y$10$pT/iTYpWpZb6XgBEr/kIIeZrNWVnv56u8z3XxFFSPfAQwNEM0GU5u','asiaafrika',NULL,'6lXxkoUmNOBnyeFFxcVyDz1ORgkN1XU7P1hexfee0o8f21YqUsjtlEoRLvlA',NULL,NULL,NULL,'ya','Aktif',NULL,NULL),(820220191023,413,NULL,'User',1,NULL,NULL,'Rizcky','Oktafiana',1,NULL,'082214233088',NULL,'$2y$10$f6Fb9sc8izD7yW3XgrMOrO74KwoniUoqUKqND7jM7b6f2WSVLJtj.',NULL,NULL,NULL,NULL,NULL,NULL,'ya','Aktif',NULL,NULL),(820220210107,385,NULL,'Admin',1,NULL,1,'Annisa','Ramadhanty',1,'nisaa71','081221004839','nisaa71@gmail.com','$2y$10$53.PMpFE//hT.uWlTazXk.5b3qBQ/cD.YDGczaM/zrAim7EEspCFa','Rmdhnty97',NULL,'12tjFe9mq48hxUlTjmhiV9Bg4jdyorx1kF5iWD34Bqw8oeSl8SAiTWFY949n',NULL,NULL,NULL,'Ya','Aktif',NULL,NULL),(820320220106,422,NULL,'Agen',1,NULL,NULL,'Hendrayana','Sandikami',1,'Hendrayana','0948390849302','riemmameristellajnk@gmail.com',NULL,NULL,NULL,NULL,NULL,NULL,NULL,'Ya','Aktif',NULL,6),(820520191023,373,NULL,'User',1,NULL,NULL,'Sekretariat','Dislutkan',1,'dislutkan','081223956161','farizkie@gmail.com','$2y$10$2yndPQzTVwAx4io/H1Df/uGZFgf2XW7eEJWEu4EDoxXMjs8Q2HQaG','perikanan',NULL,'Fp1PHhWyLHPHzSPCd0GiIGJOEPX1qlfQSsFpfs6L3wd8UhKBBfCQ0Q9UNEHv',NULL,NULL,NULL,'ya','Aktif',NULL,NULL),(820520191126,433,NULL,'User',6,NULL,NULL,'Dinan','Yanwar',1,'dinan85','085875567990','dinan.yanwar@gmail.com','$2y$10$OVfcVynLpxzvNmdsMlE1q.YsExr7wHI27CMUwbkTvUj8Ir7cDkaGS','ferdinan85',NULL,'FgUJWTGUoDqJQP3vevyrbKy3uIQZzoSlfbB2fGr5iriqPhAsxEQzofM6yNjS',NULL,NULL,NULL,'ya','Aktif',NULL,NULL),(840220200807,285,NULL,'User',1,NULL,NULL,'Agen','Bappeda',1,'Bappeda','081321648899','bappeda@gmail.com',NULL,NULL,NULL,NULL,NULL,NULL,NULL,'Ya','Aktif',NULL,NULL),(840320191126,437,NULL,'User',1,NULL,NULL,'Dicky','Dicky',1,'Dicky.A.Md','08112148088','dickytebink@gmail.com','$2y$10$lfVt7C.sb2BtNaREf2GR7eCPg15FT1EJLSmsFVYBeOSpnHScqbIHS','persib1933',NULL,NULL,NULL,NULL,NULL,'ya','Aktif',NULL,NULL),(850220191023,381,NULL,'User',6,NULL,NULL,'Radi','Ginanjar',1,'adminradi','085723028647','rdi.ginanjar22@gmail.com','$2y$10$1OQPf6Xvg6GYabZoOixTHeF5jxniR0xMV8.CEObw9nAsO3/lScu5e','qazwsxedc',NULL,NULL,NULL,NULL,NULL,'ya','Aktif',NULL,NULL),(850220210107,422,NULL,'User',1,NULL,4,'Rispiaga',NULL,1,'rispiaga','081809000698','rispiaga@gmail.com','$2y$10$6W7xxMGSxHwAf/khagNlvuSScllVohnVnwxELmqSqiD9WGeWEdKsm','telematika',NULL,'bHOb1TT4gCPZsw0sG44NyNfmGJnJN3ebWV1HJhZabsL0m8t30KUaCGXcaYSW',NULL,NULL,NULL,'Ya','Aktif',NULL,NULL),(850620191127,399,NULL,'User',5,NULL,NULL,'UPTDPengawasan3','Ketenagakerjaan',1,'uptdpengawasancirebon','0877376756349',NULL,'$2y$10$pRbFYWQqduowsplNvbdr0eyc7Eut2n06YYbuChlpM8ClQhtIT5I8S','uptdokw3crb101',NULL,NULL,NULL,NULL,NULL,'ya','Aktif',NULL,NULL),(850620220106,422,NULL,'Eselon 3',3,NULL,NULL,'Dian','Kabid Egov',1,'DianKabid','087847115170','admin0@servicedesk.jabarprov.go.id','$2y$10$1dihJVIptBuFAVavxlp7Lu8oUhRQZbGygTI5iFegoPaHIv7karZHO','DianKabid1',NULL,NULL,NULL,NULL,NULL,'Ya','Aktif',NULL,3),(860120200710,298,NULL,'User',4,NULL,NULL,'testt','twtwetwet',1,'ee','08523957235','rr@gmail.com','$2y$10$vrZiPXbxEtdtTQe.BPsSNeojHde.ZqLMeSrBRD3QCJdOZiL3xP9QS','ee',NULL,NULL,NULL,NULL,NULL,'ya','Aktif',NULL,NULL),(860920191024,333,NULL,'User',4,NULL,NULL,'Andris','Yuli Fardany',1,'dbmpr','081220022027','kepeg.binamarga@gmail.com','$2y$10$STtOdzldTElEDZ5D8g9tcOYRyHPTCWPwYGU.DCYkrMcnnWQkGLvXG','dbmpr12345',NULL,NULL,NULL,NULL,NULL,'Ya','Aktif',NULL,NULL),(880520200205,506,NULL,'User',1,NULL,NULL,'diskom','karawang',1,'diskomkarawang',NULL,'diskomkarawang@gmail.com','$2y$10$EwcsBQjzFHTJhI822tccoOwXTTb2d5E32I3gn7OBSK7CToVXHAbV2','telematika123',NULL,NULL,NULL,NULL,NULL,'Ya','Aktif',NULL,NULL),(880620200814,307,NULL,'User',1,NULL,NULL,'Bapeltan','jabar',1,'bapeltan','081312164392','bapeltan.jabar@gmail.com','$2y$10$/NcEDuErYG/3V6O4Vv84iuUdOJOorkrVlqsb/55kZ/NbmDsvKdCEq','123456',NULL,'kgvlu2xWisUqZ4H9MKg7HXc2fYb127WXBWHNcWa59dYf544JsCXdjm6sPdr1',NULL,NULL,NULL,'Tidak','Aktif',NULL,NULL),(890120220106,422,NULL,'Eselon 3',3,NULL,NULL,'Tiomaida','kabid sandikami',1,'Tiomaida','087847115170','rezaaldianjr77@gmail.com','$2y$10$swVUX9PZG3hTkCjMh56kF.pl1sDGk7Lz98nEKw1TCUckvKMKad6oO','Tiomaida1',NULL,NULL,NULL,NULL,NULL,'Ya','Aktif',NULL,3),(900320191023,306,NULL,'User',6,NULL,NULL,'Alek','Iskandar',1,'alek','081321648894','aliskanzaf@gmail.com','$2y$10$76zgobUFGjzC6KMDe3.LjOl28wYW.nCJteQZ7JiaxkkrWAaMf4dkm','*12345678#',NULL,NULL,NULL,NULL,NULL,'ya','Aktif',NULL,NULL),(900320201001,543,NULL,'User',1,NULL,NULL,'Herry','Purnomo',1,'balaibenihhortikultura','087722391354','purnomoherry13@gmail.com','$2y$10$G/rCt.AkUvS1eeHxx05Tsu17wJGaA5Uhz5yskjsFDYXJcFhxZjec6','balaibenih123',NULL,'KFh3R2Ds7PLW06dol9sNoFpRjFa0VIBtQqs3O7cOUeAlvSjgCOFooJjqmT4v',NULL,NULL,NULL,'ya','Aktif',NULL,NULL),(900320201005,292,NULL,'User',1,NULL,NULL,'Cahya','Maulana',1,'dukcapil','08122229879','maulanacahya45@gmail.com','$2y$10$a2hlPGgfznD3JVTvkIAgFeSRwRWdliCcxKmP4A5gv86wB/l6329sy','Dukcapil2017',NULL,'jKF3aqA1auY7dCyYYE4YjsQq4JIZypN00yx54Y2e2zd4VXkQdUhL7PGdKmf8',NULL,NULL,NULL,'ya','Aktif',NULL,NULL),(900620191119,349,NULL,'User',NULL,NULL,NULL,'Agen','Disperkim',1,'disperkim',NULL,'ppdiskimrum@yahoo.com',NULL,NULL,NULL,NULL,NULL,NULL,NULL,'Ya','Aktif',NULL,NULL),(900620200227,511,NULL,'User',1,NULL,NULL,'Yogi','Sulistia',1,'diskom_kabpangandaran','085223332329','kominfo.pangandarankab@gmail.com','$2y$10$itmip5VfoNiWBJhI2IAnbeS43eno7u7Xzopkzs/2UG/QsFLGlEPoC','telematika',NULL,NULL,NULL,NULL,NULL,'Ya','Aktif',NULL,NULL),(910620191217,289,NULL,'User',1,NULL,NULL,'BKD','Account',1,'bkdjbr',NULL,'bkd@jabarprov.go.id','$2y$10$egMTfKo03MOCJxi5qoE8I.YEChb.C8/kWImJej8QTq7RsqPh3DLcK','BkdJabar123',NULL,'ikJbVwp29IKaUKJBkkoCE1BaQbxJv9REiu9bRyaWcgJWIY4KLZayo9TlUVbj',NULL,NULL,NULL,'Ya','Aktif',NULL,NULL),(920220200512,535,NULL,'User',2,NULL,NULL,'Asep','BNN',1,'bnnpjbr','082118696567','bnnjbr@gmail.com','$2y$10$/Bm7DF.j2W34XYbK0J.akuF4fCIZh2/HLKUyGT4bkAGz04ebRhnYO','bnnpjbr',NULL,NULL,NULL,NULL,NULL,'Ya','Aktif',NULL,NULL),(920720191023,412,NULL,'User',1,NULL,NULL,'Sandi','Surahman',1,'Kcd11','082114157771','sandiiaton9@gmail.com','$2y$10$W7uh1.vBNVQXs6qIhm2.VexLSbjiQDtNVYKccSt0ijQUE8WBhjMru','141414',NULL,'ttsRCixmZlDhM0V4GOvTJv8t90fLu9WKc443Sc8oUF7l3Cg3QJPl0K92oAoM',NULL,NULL,NULL,'Ya','Aktif',NULL,NULL),(930920191126,396,NULL,'User',5,NULL,NULL,'Ali','Abdurrohman',1,'psrpd','087722006321','brspccimahi.dissos331@gmail.com','$2y$10$GwTw7wejJwpR4h3deQiR3.YiffXoWbjLeT4kHxSWUmY.PNyaE0EpG','psrpd',NULL,'7gmPehgA3flXkZPmgCXihU5AUSPCEqY2wRhf2VHsS6HqVLeDaBaMkJR8PW1C',NULL,NULL,NULL,'ya','Aktif',NULL,NULL),(940120191025,385,NULL,'Admin',1,NULL,2,'Dandi','Muhammad Iqbal',1,'dandi','082280708090','dandimiqbal@gmail.com','$2y$10$qw3U9.jUwjWS201MQ2sIH.BAq/gxJN48aQs2MGVLLhJr8MMTNkrKO','telematika',NULL,'Io8aBy1kzmld7jkpdKD9mcZRnDEGFlIJ2q91goULtGMQhEyr1TITtcAm0cKz',NULL,NULL,NULL,'Ya','Aktif',NULL,3),(940220200227,512,NULL,'User',2,NULL,NULL,'Milki Teguh','Bagja Irawan S.T., M.M',1,'diskom_kabbandung','082229790991','elbarka84@gmail.com','$2y$10$TJ2FM6GHHxNaJtIo0KeJL.a8JkopTkR10gPioNk8ErgDGwqcqwIuW','telematika',NULL,NULL,NULL,NULL,NULL,'Ya','Aktif',NULL,NULL),(940420201006,374,NULL,'Helpdesk',5,NULL,4,'Deri','Ramdani',1,'deri','085351111430','deri.vinanda@gmail.com','$2y$10$.81eS0p6OAgAPiLiqBDbV.q9OlSrtnteZk7qxKLFNsKvwHKZqsCJu','88888888',NULL,'UpJ6XcVQbvAZN1QuqYQHOL5pY9xKoopgakceq1PkEttb3SN9uPHvVz37k4tD',NULL,NULL,NULL,'Ya','Aktif',NULL,NULL),(940820191126,333,NULL,'User',1,NULL,NULL,'Zenal','Mutaqin',1,'Zhent36','081395173230','zhent36@gmail.com','$2y$10$T6r4hBvuzxND85elxNh1GuS1QTWtkDqzpS7YpAzbe6z2hptjWDyHq','bebaslah1',NULL,NULL,NULL,NULL,NULL,'ya','Aktif',NULL,NULL),(940920191023,343,NULL,'User',1,NULL,NULL,'Dinas Koperasi dan Usaha Kecil','Provinsi Jawa Barat',1,'Diskukjabar','082117227232','perencanaan.diskumkm@gmail.com','$2y$10$C6aCKxRtxeZF9MjGB/zi9uowytVeET.v47tHpigaWM8UN/2tZ2x6y','diskukjabar',NULL,'cHs1IxjIU9LWlLZsPHPKhJjImmHdMWccbqq3Cu0u1MNNoKOBTyr21KJCXDYt',NULL,NULL,NULL,'ya','Aktif',NULL,NULL),(950320200623,322,NULL,'User',1,NULL,NULL,'Agen','Biro Pelayanan dan Pengembangan Sosial',1,'biroyanbangsos',NULL,'info@jabarprov.go.id',NULL,NULL,NULL,NULL,NULL,NULL,NULL,'Ya','Aktif',NULL,NULL),(950420200825,465,NULL,'User',2,NULL,NULL,'Meidy','Mahardani',1,'meidy050581','081322244414','meidy050581@gmail.com','$2y$10$4EqR997SMJuC1ocPWABYheP1wb1NzRlAf9916WNjqb/SXh37Qu4Yy','abg007',NULL,NULL,NULL,NULL,NULL,'ya','Aktif',NULL,NULL),(950520191126,290,NULL,'User',5,NULL,NULL,'Sem','Syamsidin',1,'bpsdm','081382830814','samsidin.sem@gmail.com','$2y$10$c0ezCb09k0PMNGO39ajlJeEUtMv6Zao3OGXUK6ZuYfpyZnFu5pLcy','syam0303',NULL,NULL,NULL,NULL,NULL,'ya','Aktif',NULL,NULL),(950820200626,302,NULL,'User',1,NULL,NULL,'user','sekda',1,'sekdajabar01',NULL,'sekdajabar@gmail.com','$2y$10$tOBek6W79vPBqWi2qh.0zeXI4LbPeUcaM3NHW3u/B2s7TyaWr6INC','telematika',NULL,NULL,NULL,NULL,NULL,'Ya','Aktif',NULL,NULL),(960120191126,435,NULL,'User',2,NULL,NULL,'Yuniarto','-',1,'cd7.desdm.cirebon','081320620864','juniaxis@gmail.com','$2y$10$kscFGkClQhZBeNPPEKdIju8nUbD0uNEesvaLEkM3EHvZLQd8s.dIy','35dmprov',NULL,NULL,NULL,NULL,NULL,'ya','Aktif',NULL,NULL),(970720191126,485,NULL,'User',1,NULL,NULL,'Chandra','Kusuma',1,'chandra','085224200735','chandrakusuma905@gmail.com','$2y$10$twIatXhcLc5ogPn0IwxuQuF.AWytw6OD3knk84C0NHsmGRE3eQ6Fi','18september',NULL,'vcdA9S4Exzo1c2ASHWI4NjwcJrkSC1CbDDujvqm03J8Q5gqvhrXsJWDrIVxS',NULL,NULL,NULL,'ya','Aktif',NULL,NULL),(980120200722,540,NULL,'User',1,NULL,NULL,'Lutfi','Jabar Bergerak',1,'jabarbergerak',NULL,'jabarbergerak@gmail.com','$2y$10$K9Z.r3.kmXB5Y5hPQ3deW.5YJf9d3a/Df0lZWqAo3D4AtTnbHlJla','jabarbergerak123',NULL,NULL,NULL,NULL,NULL,'Ya','Aktif',NULL,NULL),(980220191126,452,NULL,'User',5,NULL,NULL,'BLK','KOMPETENSI',1,'ayatulhidayat75','085759205123','blkkompetensi@gmail.com','$2y$10$NPFJ2JedLNepSZDQ3cHh3OQfBF6Oumxj1ftJ9PI/LYGSrHaYRPCTG','blkbekasi2019',NULL,NULL,NULL,NULL,NULL,'ya','Aktif',NULL,NULL),(980320191126,282,NULL,'User',6,NULL,NULL,'BLKM','Jabar',1,'Blkmjabar','08562053332','blkmjabar@gmail.com','$2y$10$zEmKNIb5ZpvoAbZLDIniQuD/JY2JNyVEkc0XGY9.wrseECEnn1Yoy','1Maret2010',NULL,'GFN45YOHtIigu1XO3KzIIwZdiexjnH2PsCVmITsmFVMLm9lhXK7BJ1E0H1xc',NULL,NULL,NULL,'ya','Aktif',NULL,NULL),(980620191023,316,NULL,'User',5,NULL,NULL,'Badan','Penghubung',1,'Banhub35','081584562848','esa_eta@yahoo.com','$2y$10$64TGshuPKYE5tqJ4HNTcRufNSFP1Q1E9FTpWLXWjsmJLH.wdYIlS.','banhub2345',NULL,'Sp8vKcDDvBfVKjhINuY3nOT1ErJFYgUtMGNzKs7eJHIdx7oubA2klniJKVXf',NULL,NULL,NULL,'Ya','Aktif',NULL,NULL),(980920200227,529,NULL,'User',1,NULL,NULL,'Hafizh','Hasanudin',1,'diskom_kabsubang','083820812573','hafizh@subang.go.id','$2y$10$h0yMwu4T02IV73eSO.6vee93VNEGOIVaV1jJDNA2w3lqaraOMr0kO','telematika',NULL,NULL,NULL,NULL,NULL,'Ya','Aktif',NULL,NULL),(990820191126,438,NULL,'User',1,NULL,NULL,'Atep','Ziki Muhidin',1,'atepziki','082218979529','zikiatep@gmail.com','$2y$10$Uu7Jl775JuRutQGgfoa2OOW7Hn9RLVV0pPIzwyP/LVC5FcHi6n1Nu','Adi090214',NULL,NULL,NULL,NULL,NULL,'ya','Aktif',NULL,NULL),(990920200228,311,NULL,'User',1,NULL,NULL,'Fachrul','Alfarizki',1,'dishub_kotadepok','08998856452','alfarizki354@gmail.com','$2y$10$lcg9ywz1p3kp3xe2vewztel2P6GxjOREPCCbDX6tn.0QMX4tcpZYy','telematika',NULL,NULL,NULL,NULL,NULL,'Ya','Aktif',NULL,NULL),(990920201126,359,NULL,'User',5,NULL,NULL,'Ardiansyah',NULL,1,'tkpkjabar','083829003304','tkpkprovjabar@gmail.com','$2y$10$b995O1yniG1YzGL2A0Eryu.eGU2PlyXKC03T5Fa2wr8c2EF.9O8YW','kemiskinanjabar123',NULL,NULL,NULL,NULL,NULL,'ya','Aktif',NULL,NULL),(1001020191023,341,NULL,'User',1,NULL,NULL,'Ludi','Zulchaidir',1,'cdk3sukabumi','082299773611','zulch4idir@gmail.com','$2y$10$85CKVME5h1yLkTcVhFa2teGg0gIyWpyPCm93u7DXI9sEQBJTHk/FK','rimbawan3smi',NULL,NULL,NULL,NULL,NULL,'ya','Aktif',NULL,NULL),(1001020191126,499,NULL,'User',6,NULL,NULL,'Irwan','Herliana',1,'irwanherliana69','0811200441','irwanheliana69@gmail.com','$2y$10$YSuLoS4E4MYSgaY9dZ3mp.711HfMsm4Zyoi.Vg6ehbDyUVibHekEa','H3rlian@17',NULL,'0hviTOPYmkOENrHBRBRBle0apIIhVNRtxcxFXCe9XAVBFRanIrqMEumBSwat',NULL,NULL,NULL,'ya','Aktif',NULL,NULL),(1201020191018,385,NULL,'User',2,NULL,NULL,'Pulan','Bin Pulan',1,'pulanbinpulan','080989999','siexcool@gmail.com','$2y$10$0XNz/q0u8IiOab4wZLBqaesgfZ3AOo88dKPa7OEEi8Nqu81ovm/km','abc123',NULL,'ruqgDQflvC7oAT9qud97C7rdEkw7dZ3cFEx0sC5m74XmJDltRlDDGsiI9twN',NULL,NULL,NULL,'ya','Aktif',NULL,NULL),(1601020190318,385,'Dinas Komunikasi dan Informatika','Admin',1,NULL,1,'Nisa','Dwiyanti',1,'nisadwiyanti','08155699655','nisadwi@gmail.com','$2y$10$2paO5YrcK1wqudSeiCrVxugQIL.SikEDILC/fYAK6jz5gXecC20L6','telematika','nisa.jpg','bUyGrlgbedgu0kl8B0464uM1G6uX4KH4Biq5EIztxTGBbXuDAZnG9HFucxs4',NULL,NULL,NULL,'Ya','Aktif',NULL,3),(1601020191023,375,NULL,'User',1,NULL,NULL,'DANIAR TEGUH PERMADI',NULL,1,'LPSE378','082218644004','teguhpermadi378@gmail.com','$2y$10$iCFrYi41u3SQxOJXEvE6bux7wWqekSIl.yDjxvZsVSMLaukCPRBFW','@jabar2019',NULL,'04A4IGRzuy45QkOYASQMiGxAUUZXs54UaSuzlS1uJnQybzz0gnoLOz3mtrEn',NULL,NULL,NULL,'Tidak','Aktif',NULL,NULL),(2801020200814,333,NULL,'User',1,NULL,NULL,'binamarga','jabar',1,'binamarga','085722222929','bm@gmail.com','$2y$10$XqXytYnftcU18.lfIGB/hel1PHkWDb8Mar21qLgwxUXFFIfYsE0XW','123456',NULL,'m8aA5flFr7CHlV91uoCoH8wDGiB9Qg2WcEZGEj0n5kzHw1niEny81AALZVaF',NULL,NULL,NULL,'Tidak','Aktif',NULL,NULL),(2901020191126,311,NULL,'User',1,NULL,NULL,'Adhi','Winarto',1,'adhiwinarto','085229898881','bumigamagara@gmail.com','$2y$10$juTjEZSpYUPFupx.tNJDge48k6dUJClupQFErxXP7XpveKbDsuvB6','adhiajagituloh',NULL,'wPJxaNuCysKzMX7BK1f7y4vVQM9oMW2dShLcaAkF6Zb7DUqeGl1x3o7cggGq',NULL,NULL,NULL,'ya','Aktif',NULL,NULL),(3301020191126,339,NULL,'User',1,NULL,NULL,'Yayan','Rusmana',1,'cdkwil2','081214266554','yayanrusmana78@gmail.com','$2y$10$k2YWrMK0Gz1NuHUlij6ZQunbVK7i/IM7s//BltADgKM24tnXxKRAO','12345',NULL,'gND2zD4OJkBcRV5cloEMZ7cx75xmWN67csrwgKxXHWMAHPpcrfPnqQYTQd4E',NULL,NULL,NULL,'ya','Aktif',NULL,NULL),(3801020191022,413,NULL,'User',2,NULL,NULL,'Fulan','Bin Fulan',1,'fulan','081556998775','fulan@gmail.com','$2y$10$weVZM8V50xd//WYrSZ/TjeL/aAZvONVp7hLLOvAATaaFThqvyJ2vS','telematika',NULL,'fdzXznu85iNDFbajwvCjJf9nA6yMYDE9zLL6SnqTFuPdAdPuJ8GhOiDxV7cC',NULL,NULL,NULL,'ya','Aktif',NULL,NULL),(3801020200814,367,NULL,'User',1,NULL,NULL,'UPTD Balai Pengujian dan Sertifikasi Mutu Barang Agro Bandung','disperindag',1,'dpsmb','0816272839','bspmb.bandung@gmail.com','$2y$10$E0brIA/D1z3KbtKqDB2o6utqwQ5ZNYIqSgYIP6764pDfjUPqjo4Hu','123456',NULL,'LUQPjUhLCtTpkQmXU2UMVTAAhvctFj277JjOxShRwnupyqLpyUtVL8qbbfSr',NULL,NULL,NULL,'Tidak','Aktif',NULL,NULL),(3901020191126,408,NULL,'User',1,NULL,NULL,'Nur Soleh','Hidayat',1,'nursoleh','089633377794','nursolehhidayat29@yahoo.com','$2y$10$7uC64Y34SSJHjqceEKkRNuO4V6W6VtGwNdd7FJD3aFTckM0ngBoDu','godaay29',NULL,'L1rMHn6wUW33RXXNsFsUpf3K18lcxQO1CLhCwaPAaIqF8qpA9LQuCbjzaeHc',NULL,NULL,NULL,'ya','Aktif',NULL,NULL),(4201020191022,405,NULL,'User',5,NULL,NULL,'Handayani','nugroho',1,'handayani','0815569985654','handayani@gmail.com','$2y$10$/0sbtDsEL2UDFvwljacJ7e5HPsJgqJwEuk1UAbj5wVXxCpxdwjfQ2','telematika',NULL,'tv31YPURVug3g5latVQNeKb9CnFQgF0mtuY5wOHY4khEGWvTDlWUz71NbB2c',NULL,NULL,NULL,'ya','Aktif',NULL,NULL),(6001020191217,502,NULL,'User',5,NULL,NULL,'DPRD','Jabar',1,'dprdjbr','085722158807','dprd@jabarprov.go.id','$2y$10$RmUw3RubWJAkAo43tkNyuO7LXwPekUTm5kENwaFdd1y2YaXsE7FbO','jabarJuara123',NULL,'DwcjecVmpharmN7GgAnq14HvLhksF2R5GUayoUicaJ91AcefA8Vidj68vQ8f',NULL,NULL,NULL,'Ya','Aktif',NULL,NULL),(6101020211210,422,NULL,'Agen',1,NULL,NULL,'Yofi','Aptika',1,'Yofi','081325033377','Yofi@gmail.com','$2y$10$KCjXpybSNgabtn2pxFjbierO5Uz/Nd9RGdINiDGAE/HUu4SVEVSWi','Yofi1',NULL,'AG3jYhKwi1DgHZPbVIB7ub6OmNoMfj5PGDKObWJkcf1SXI8MPhZ8Kwow6LgW',NULL,NULL,NULL,'Ya','Aktif',NULL,6),(7901020191126,481,NULL,'User',1,NULL,NULL,'Galuh','Dwi Atmaja Dewantara',1,'bimasatu','0895808719191','galuhrawk@gmail.com','$2y$10$KemMYc0AfrPc1sCIXcKrbugyCknesOrNDMusG5qx9RwU4qZYXlqg.','pj2wp1',NULL,NULL,NULL,NULL,NULL,'ya','Aktif',NULL,NULL),(8001020211210,385,NULL,'Koordinator Agen',2,NULL,NULL,'Asden','Sandikami',1,'Asden','081325033377','Asden3@gmail.com','$2y$10$3qNYXa.RlFzwfCMryqWl4e5IyMWoG2SjtWJgit9g/ks0TsQPGJYfa','Asden1',NULL,'k3s5mq9h39fKlizy4oa4tW2Fo04aOgbWOsbanPHb9ASjmD3H7pEiGPIfc7WC',NULL,NULL,NULL,'Ya','Aktif',NULL,6),(8301020191212,355,NULL,'Admin',1,NULL,1,'Syaiful','Muflih',1,'syaiful','082240073009','syaina.herbal@gmail.com','$2y$10$IRBB80G.B1TJ8yWSgdXLze7LntOmkm1wOGIsjEELCoWwqlk5mrah6','telematika',NULL,'aZ3hGVUa5Bgv9TCs8pvHPAIapLQm6cK82PbQ9uN8hMSKOD3KZZbdfmJzaG3D',NULL,NULL,NULL,'Ya','Aktif',NULL,3),(8701020191126,471,NULL,'User',4,NULL,NULL,'TEDI','SUNANDAR',1,'psrlu','082114677524','tedisiti@gmail.com','$2y$10$6gbaoWjSSvrUK7hk8noRPewth.D8nKR6FdUmOpYyo4yZ2L9tGY95S','alihabibi30',NULL,NULL,NULL,NULL,NULL,'ya','Aktif',NULL,NULL),(9101020201015,544,NULL,'User',1,NULL,NULL,'Agen','TP PKK',2,'tppkk',NULL,NULL,'$2y$10$WcD6zAw18LcLeXsfZapBZefCyuZ0tlm7CW9FVAsRESpLwGdW8eXLm','tppkk',NULL,NULL,NULL,NULL,NULL,'ya','Aktif',NULL,NULL),(9501020200824,438,NULL,'User',1,NULL,NULL,'CDKIX','Dishut Jawa Barat',1,'CDKIX','085280074857','dishut.cdk.wil9@gmail.com','$2y$10$Q16GD8.iPS97VguS5r5zkeftvhJYkMdf5gqrdYpQBlxYy33MzXpcW','123456',NULL,'5lcLMZiYBwJBchBMgEETgEH477jbcdCQjfMm55YkBIUZ7Ew5zsS6OKNxypoU',NULL,NULL,NULL,'Tidak','Aktif',NULL,NULL),(9901020200814,488,NULL,'User',1,NULL,NULL,'Haryanti',NULL,1,'Haryanti','-',NULL,'$2y$10$L2hGxKU.BmgGxWj0ZxTXtuuYbwTrr.eZ5LU7ppWruGZMscXJ2gNFq','telematika',NULL,'XyeSTXHwUK51iVNK86y6D8JZlMY6zsMxDgBqJfPg3mmlxwfbfNjYHfSdNBRW',NULL,NULL,NULL,'Ya','Aktif',NULL,NULL),(199701302020122012,422,NULL,'User',1,NULL,4,'Riema','Meristell',1,'riema','0878-4711-5170','riemmameristella@gmail.com','$2y$10$3HSK2qgxJQ7nO9Cjnd6A3Oo0yxVMLYufR8ob5LJceI6TnjN5FF6du','telematika','20211221050136_IU.jfif','wVQ0Mhv5gI0vWkbRO1z4bb2kuQJ6s9XnVwjznZNa5tVIWVh4WbhEw8Q1cMMp',NULL,NULL,NULL,'Ya','Aktif',NULL,NULL);
/*!40000 ALTER TABLE `users` ENABLE KEYS */;
UNLOCK TABLES;

--
-- Table structure for table `reff_golongan`
--

DROP TABLE IF EXISTS `reff_golongan`;
/*!40101 SET @saved_cs_client     = @@character_set_client */;
/*!40101 SET character_set_client = utf8 */;
CREATE TABLE `reff_golongan` (
  `id` int(11) NOT NULL,
  `name` varchar(100) DEFAULT NULL,
  PRIMARY KEY (`id`)
) ENGINE=InnoDB DEFAULT CHARSET=utf8mb4;
/*!40101 SET character_set_client = @saved_cs_client */;

--
-- Dumping data for table `reff_golongan`
--

LOCK TABLES `reff_golongan` WRITE;
/*!40000 ALTER TABLE `reff_golongan` DISABLE KEYS */;
INSERT INTO `reff_golongan` VALUES (1,'Eselon 1'),(2,'Eselon 2'),(3,'Eselon 3'),(6,'1A'),(7,'2 B');
/*!40000 ALTER TABLE `reff_golongan` ENABLE KEYS */;
UNLOCK TABLES;

--
-- Table structure for table `perangkat_keras`
--

DROP TABLE IF EXISTS `perangkat_keras`;
/*!40101 SET @saved_cs_client     = @@character_set_client */;
/*!40101 SET character_set_client = utf8 */;
CREATE TABLE `perangkat_keras` (
  `id_perangkat` int(11) NOT NULL AUTO_INCREMENT,
  `id_organisasi` int(11) NOT NULL,
  `jns_perangkat` varchar(10) NOT NULL,
  `merek` varchar(70) DEFAULT NULL,
  `nama_perangkat` varchar(80) NOT NULL,
  `model` varchar(50) DEFAULT NULL,
  `phone` varchar(14) DEFAULT NULL,
  `tgl_pembelian` date DEFAULT NULL,
  `serial_number` varchar(30) DEFAULT NULL,
  `aset_number` int(11) DEFAULT NULL,
  `deskripsi` text,
  `status` int(5) DEFAULT NULL,
  PRIMARY KEY (`id_perangkat`)
) ENGINE=InnoDB DEFAULT CHARSET=latin1;
/*!40101 SET character_set_client = @saved_cs_client */;

--
-- Dumping data for table `perangkat_keras`
--

LOCK TABLES `perangkat_keras` WRITE;
/*!40000 ALTER TABLE `perangkat_keras` DISABLE KEYS */;
/*!40000 ALTER TABLE `perangkat_keras` ENABLE KEYS */;
UNLOCK TABLES;

--
-- Table structure for table `reff_tipe_permintaan`
--

DROP TABLE IF EXISTS `reff_tipe_permintaan`;
/*!40101 SET @saved_cs_client     = @@character_set_client */;
/*!40101 SET character_set_client = utf8 */;
CREATE TABLE `reff_tipe_permintaan` (
  `id_tipe` int(11) NOT NULL,
  `tp_permintaan` varchar(150) NOT NULL,
  PRIMARY KEY (`id_tipe`)
) ENGINE=InnoDB DEFAULT CHARSET=latin1;
/*!40101 SET character_set_client = @saved_cs_client */;

--
-- Dumping data for table `reff_tipe_permintaan`
--

LOCK TABLES `reff_tipe_permintaan` WRITE;
/*!40000 ALTER TABLE `reff_tipe_permintaan` DISABLE KEYS */;
INSERT INTO `reff_tipe_permintaan` VALUES (1,'Permintaan'),(2,'Pengaduan'),(3,'Insiden');
/*!40000 ALTER TABLE `reff_tipe_permintaan` ENABLE KEYS */;
UNLOCK TABLES;

--
-- Table structure for table `reff_jns_pelayanan`
--

DROP TABLE IF EXISTS `reff_jns_pelayanan`;
/*!40101 SET @saved_cs_client     = @@character_set_client */;
/*!40101 SET character_set_client = utf8 */;
CREATE TABLE `reff_jns_pelayanan` (
  `id_pelayanan` int(11) NOT NULL AUTO_INCREMENT,
  `pelayanan` varchar(100) NOT NULL,
  `penanggung_jawab_id` text,
  `koordinator_penanggung_jawab_id` text,
  `persyaratan` text,
  `notif_eselon3` int(11) NOT NULL DEFAULT '1',
  `notif_koordinator_agen` int(11) NOT NULL DEFAULT '1',
  `notif_team_leader` int(11) NOT NULL DEFAULT '1',
  PRIMARY KEY (`id_pelayanan`)
) ENGINE=InnoDB AUTO_INCREMENT=133 DEFAULT CHARSET=latin1;
/*!40101 SET character_set_client = @saved_cs_client */;

--
-- Dumping data for table `reff_jns_pelayanan`
--

LOCK TABLES `reff_jns_pelayanan` WRITE;
/*!40000 ALTER TABLE `reff_jns_pelayanan` DISABLE KEYS */;
INSERT INTO `reff_jns_pelayanan` VALUES (112,'Permintaan Pengecekan Aplikasi','480220191101','180520200218','* File\r\n* Repo',1,1,1),(113,'Pendaftaran Email dan Drive Jabar Prov','530520211210','250420211210','<h1>Persyaratan Pendaftaran Email dan Drive Jabar Prov</h1>\r\n> #### Permohonan dengan melampirkan:\r\n>\r\n> - Jenis Pengguna Akun (personal/ grup/ fungsi)\r\n> - Jenis akun\r\n> - Nama Pengguna \r\n> - Nama Afiliasi (penanggung jawab untuk jenis pengguna akun grup/ fungsi)\r\n> - Nama Alias\r\n> - Unit Organisasi\r\n> - NIP (apabila PNS dan Afiliasi)\r\n> - Nomor Telepon Genggam (Pengguna/ Afiliasi)\r\n> - Nama Penjamin\r\n> - NIP Penjamin\r\n> - Alamat Surel Penjamin (dalam akun @jabarprov.go.id)\r\n> - Alamat surel alternatif Penjamin',1,1,1),(114,'Pendaftaran Email dan Drive Jabar Prov','530520211210','250420211210','<h1>Persyaratan Pendaftaran Email dan Drive Jabar Prov</h1>\r\n> #### Permohonan dengan melampirkan:\r\n>\r\n> - Jenis Pengguna Akun (personal/ grup/ fungsi)\r\n> - Jenis akun\r\n> - Nama Pengguna \r\n> - Nama Afiliasi (penanggung jawab untuk jenis pengguna akun grup/ fungsi)\r\n> - Nama Alias\r\n> - Unit Organisasi\r\n> - NIP (apabila PNS dan Afiliasi)\r\n> - Nomor Telepon Genggam (Pengguna/ Afiliasi)\r\n> - Nama Penjamin\r\n> - NIP Penjamin\r\n> - Alamat Surel Penjamin (dalam akun @jabarprov.go.id)\r\n> - Alamat surel alternatif Penjamin',1,1,1),(115,'Pendaftaran Email dan Drive Jabar Prov','530520211210','250420211210','<h1>Persyaratan Pendaftaran Email dan Drive Jabar Prov</h1>\r\n> #### Permohonan dengan melampirkan:\r\n>\r\n> - Jenis Pengguna Akun (personal/ grup/ fungsi)\r\n> - Jenis akun\r\n> - Nama Pengguna \r\n> - Nama Afiliasi (penanggung jawab untuk jenis pengguna akun grup/ fungsi)\r\n> - Nama Alias\r\n> - Unit Organisasi\r\n> - NIP (apabila PNS dan Afiliasi)\r\n> - Nomor Telepon Genggam (Pengguna/ Afiliasi)\r\n> - Nama Penjamin\r\n> - NIP Penjamin\r\n> - Alamat Surel Penjamin (dalam akun @jabarprov.go.id)\r\n> - Alamat surel alternatif Penjamin',1,1,1),(116,'Pendaftaran Email dan Drive Jabar Prov-1','530520211210','250420211210','## Persyaratan Pendaftaran Email dan Drive Jabar Prov\r\n> #### Permohonan dengan melampirkan:\r\n>\r\n> - Jenis Pengguna Akun (personal/ grup/ fungsi)\r\n> - Jenis akun\r\n> - Nama Pengguna \r\n> - Nama Afiliasi (penanggung jawab untuk jenis pengguna akun grup/ fungsi)\r\n> - Nama Alias\r\n> - Unit Organisasi\r\n> - NIP (apabila PNS dan Afiliasi)\r\n> - Nomor Telepon Genggam (Pengguna/ Afiliasi)\r\n> - Nama Penjamin\r\n> - NIP Penjamin\r\n> - Alamat Surel Penjamin (dalam akun @jabarprov.go.id)\r\n> - Alamat surel alternatif Penjamin',1,1,1),(117,'Layanan Aplikasi','530520211210','170920211210','## Persyaratan Pendaftaran Layanan Aplikasi\r\n> Melakukan pendaftaran aplikasi melalui tautan [https://bit.ly/ProfilApp](https://bit.ly/ProfilApp)',1,1,1),(118,'Pendaftaran Email dan Drive Jabar Prov-2','530520211210','250420211210','tes',1,1,1),(119,'Test With Added new Flow + Notification','480220191101','100120210107','## Persyaratan Pendaftaran Layanan Aplikasi',1,1,1),(120,'Bebas','480220191101','100120210107','Ya silahkan Di test',1,1,1),(121,'Pendaftaran Email dan Drive Jabar 6-1-2021','530520211210','250420211210','## Persyaratan Pendaftaran Email dan Drive Jabar\r\n\r\nPemohon melampirkan:\r\n- Jenis Pengguna Akun (personal/ grup/ fungsi)\r\n- Jenis akun\r\n- Nama Pengguna\r\n- Nama Afiliasi (penanggung jawab untuk jenis pengguna akun grup/ fungsi)\r\n- Nama Alias\r\n- Unit Organisasi\r\n- NIP (apabila PNS dan Afiliasi)\r\n- Nomor Telepon Genggam (Pengguna/ Afiliasi)\r\n- Nama Penjamin\r\n- NIP Penjamin\r\n- Alamat Surel Penjamin (dalam akun @jabarprov.go.id)\r\n- Alamat surel alternatif Penjamin',1,1,1),(122,'Basisdata Aplikasi','530520211210','170920211210','## Persyaratan Basisdata Aplikasi\r\n\r\n- Apabila Layanan berupa setor kode sumber pada Repository:\r\n-- Mengisi formulir pendaftaran aplikasi pada alamat: [https://bit.ly/ProfilApp](https://bit.ly/ProfilApp)\r\n\r\n- Apabila Layanan berupa berbagi aplikasi:\r\n-- Surat permohonan berbagi aplikasi',1,1,1),(123,'tes','530520211210','170920211210','## Persyaratan Basisdata Aplikasi\r\n\r\n- Apabila Layanan berupa setor kode sumber pada Repository:\r\n-- Mengisi formulir pendaftaran aplikasi pada alamat: [https://bit.ly/ProfilApp](https://bit.ly/ProfilApp)\r\n\r\n- Apabila Layanan berupa berbagi aplikasi:\r\n-- Surat permohonan berbagi aplikasi',1,1,1),(124,'tes2','530520211210','170920211210','## Persyaratan Basisdata Aplikasi\r\n\r\n- Apabila Layanan berupa setor kode sumber pada Repository:\r\n-- Mengisi formulir pendaftaran aplikasi pada alamat: [https://bit.ly/ProfilApp](https://bit.ly/ProfilApp)\r\n\r\n- Apabila Layanan berupa berbagi aplikasi:\r\n-- Surat permohonan berbagi aplikasi',1,1,1),(125,'Pentest','890120220106','8001020211210','## Persyaratan Pentest\r\n\r\nAplikasi sudah terdaftar di Diskominfo Jabar melalui tautan [https://bit.ly/ProfilApp](https://bit.ly/ProfilApp)',1,1,1),(126,'Pentest','890120220106','8001020211210','## Persyaratan Pentest\r\n\r\nAplikasi sudah terdaftar di Diskominfo Jabar melalui tautan [https://bit.ly/ProfilApp](https://bit.ly/ProfilApp)',1,1,1),(127,'Pentest','890120220106','8001020211210','## Persyaratan Pentest\r\n\r\nAplikasi sudah terdaftar di Diskominfo Jabar melalui tautan [https://bit.ly/ProfilApp](https://bit.ly/ProfilApp)',1,1,1),(128,'Pendaftaran Aplikasi','530520211210','170920211210','## Persyaratan Pentest\r\n\r\nMengisi formulir pendaftaran aplikasi pada alamat: [https://bit.ly/ProfilApp](https://bit.ly/ProfilApp)',1,1,1),(129,'Stagging Server','850620220106','630620211210','## Persyaratan Stagging Server\r\n\r\n- Aplikasi sudah sesuai dengan standar Diskominfo\r\n- Aplikasi sudah terdaftar di Diskominfo Jabar melalui tautan [https://bit.ly/ProfilApp](https://bit.ly/ProfilApp)\r\n- Sudah melakukan setor kode sumber pada Repository\r\n- Sudah ada rekomendasi nama Sub Domain dari Diskominfo\r\n- Melampirkan Nama Database yang digunakan',1,1,1),(130,'Penerbitan Status Operasional','530520211210','170920211210','## Persyaratan Penerbitan Status Operasional\r\n\r\n- Sudah melakukan pendaftaran Aplikasi \r\n- Sudah melakukan setor kode sumber ke Repository\r\n- Sudah lolos pentest',1,1,1),(131,'Go Live','850620220106','630620211210','## Persyaratan Go Live\r\n\r\n- Memiliki surat rekomendasi penerbitan status operasional',1,1,1),(132,'Layanan Aplikasi 6-1-2021','530520211210','170920211210','## Persyaratan Layanan Aplikasi\r\n\r\n- Melakukan pendaftaran aplikasi melalui tautan [https://bit.ly/ProfilApp](https://bit.ly/ProfilApp)',1,1,1);
/*!40000 ALTER TABLE `reff_jns_pelayanan` ENABLE KEYS */;
UNLOCK TABLES;

--
-- Table structure for table `pelayanan`
--

DROP TABLE IF EXISTS `pelayanan`;
/*!40101 SET @saved_cs_client     = @@character_set_client */;
/*!40101 SET character_set_client = utf8 */;
CREATE TABLE `pelayanan` (
  `id_` int(11) NOT NULL AUTO_INCREMENT,
  `kd_tiket` varchar(15) NOT NULL,
  `id_opd` int(11) NOT NULL,
  `judul` varchar(255) NOT NULL,
  `deskripsi` text NOT NULL,
  `desk_balasan` text,
  `jns_pelayanan` int(11) NOT NULL,
  `urgensi` int(11) DEFAULT NULL,
  `tgl_pelaporan` timestamp NOT NULL DEFAULT CURRENT_TIMESTAMP,
  `tgl_update` timestamp NOT NULL DEFAULT CURRENT_TIMESTAMP,
  `solusi` text,
  `file_sla` varchar(100) DEFAULT NULL,
  `sla_bls` varchar(200) DEFAULT NULL,
  `file_ba` varchar(150) DEFAULT NULL,
  `komen_slaba` text,
  `jwb_komen_slaba` text,
  `ba_bls` varchar(150) DEFAULT NULL,
  `tgl_kirim_sla` date DEFAULT NULL,
  `id_agen` bigint(20) DEFAULT NULL,
  `id_team` int(11) DEFAULT NULL,
  `id_pelapor` bigint(20) DEFAULT NULL,
  `lampiran` varchar(255) DEFAULT NULL,
  `lampiran_balasan` varchar(200) DEFAULT NULL,
  `status` varchar(30) NOT NULL,
  `stage` int(11) DEFAULT NULL,
  `auto` tinyint(4) DEFAULT NULL,
  `contact_person` varchar(100) DEFAULT NULL,
  `survey_rate` int(11) DEFAULT NULL,
  `file_surat_dinas` varchar(100) DEFAULT NULL,
  `detail_survey_rate` varchar(100) DEFAULT NULL,
  `status_ba_agent` int(11) DEFAULT NULL,
  PRIMARY KEY (`id_`)
) ENGINE=InnoDB AUTO_INCREMENT=48 DEFAULT CHARSET=latin1;
/*!40101 SET character_set_client = @saved_cs_client */;

--
-- Dumping data for table `pelayanan`
--

LOCK TABLES `pelayanan` WRITE;
/*!40000 ALTER TABLE `pelayanan` DISABLE KEYS */;
INSERT INTO `pelayanan` VALUES (19,'P-0001',551,'CRM Baru','Ini Ada Aplikasi baru',NULL,112,NULL,'2021-12-07 23:01:15','2021-12-08 04:15:50',NULL,NULL,NULL,'UJMxk20211209033608.docx','dfdafdafdafd','Wah Bintang 5 Deh ya','Hnqga20211209033652.pptx',NULL,100420200914,2,199701302020122012,'5Ib7W20211208060115.txt','6zIXq20211208102849.png','Selesai',135,NULL,NULL,5,'HZhbS20211208060115.docx',NULL,NULL),(21,'P-0003',422,'Tiket baru','Reza Aldian habis nikah, tolong dibuatkan aplikasi untuk istrinya agar dapat tracking lokasi suaminya :v',NULL,112,NULL,'2021-12-09 09:00:43','2021-12-09 09:14:50','laporan diterima',NULL,NULL,NULL,NULL,NULL,NULL,NULL,100820191126,1,199701302020122012,'K21FC20211209040043.pdf','20211209041450_pexels-lisa-722024.jpg','Diproses',134,NULL,'Reza (08xxxxx)',NULL,'SrOip20211209040043.pdf',NULL,NULL),(22,'P-0004',422,'Aplikasi','cek input permintaaan layanan tanpa lampiran',NULL,112,NULL,'2021-12-09 09:05:52','2021-12-10 03:24:12','sJKABSKJa',NULL,NULL,NULL,NULL,NULL,NULL,NULL,180520200218,1,199701302020122012,NULL,'20211209042444_pexels-pixabay-33545.jpg','Diproses',131,NULL,'sasasa',NULL,NULL,NULL,NULL),(24,'P-0006',422,'aplikasi SiManja','permohonan pendaftaran',NULL,112,NULL,'2021-12-09 09:33:48','2021-12-10 03:20:49',NULL,NULL,NULL,'d9LGm20211221073226.pdf',NULL,'terimakasih , berikut lampiran BA dari kami','Voc3U20211210032515.png',NULL,730420191104,4,199701302020122012,NULL,'20211210101956_pexels-pixabay-33545.jpg','Selesai',135,NULL,NULL,NULL,NULL,NULL,NULL),(25,'P-0007',328,'pengecekan Aplikasi Smiling West Java','Aplikasi disparbud',NULL,112,NULL,'2021-12-10 01:22:35','2021-12-10 07:10:26',NULL,NULL,NULL,NULL,NULL,NULL,NULL,NULL,NULL,1,100420191126,NULL,NULL,'Diproses',134,NULL,'KOKO 089682xxx',NULL,NULL,NULL,NULL),(26,'P-0008',422,'Permohonan Email','Tolong Buatin email',NULL,116,NULL,'2021-12-10 07:06:22','2021-12-10 07:51:03',NULL,NULL,NULL,NULL,NULL,NULL,NULL,NULL,NULL,NULL,199701302020122012,'6Y6iI20211210020622.pdf',NULL,'Diproses',149,NULL,'Pak Jono 08784775108',NULL,'nmds720211210020622.pdf',NULL,NULL),(27,'P-0009',422,'tes minta email','Minta email',NULL,116,NULL,'2021-12-10 07:52:43','2021-12-10 12:22:20',NULL,NULL,NULL,'eGuEh20211210122609.pdf','nuhun ya','(User-199701302020122012) : Baiklah Terima Kasih &#13;&#10;','u9UhM20211210123511.pdf',NULL,730420191104,13,199701302020122012,'PgL6B20211210025243.pdf','20211210071556_Reboan_8-12-2021_(8.00-10.00).pdf','Close',151,NULL,NULL,5,'iGnZi20211210025243.pdf',NULL,NULL),(28,'P-00010',422,'tesemail','asdas',NULL,117,NULL,'2021-12-10 12:45:45','2021-12-10 12:50:32',NULL,NULL,NULL,NULL,NULL,NULL,NULL,NULL,NULL,18,199701302020122012,'h7Qq120211210074545.pdf',NULL,'Diproses',155,NULL,'asddas',NULL,'CmbDQ20211210074545.pdf',NULL,NULL),(29,'P-00011',328,'Mohon aplikasi saya di Go Live kan','Mohon aplikasi saya di Go Live kan pleaseeeee',NULL,117,NULL,'2021-12-10 13:23:08','2021-12-10 15:21:27',NULL,NULL,NULL,NULL,NULL,NULL,NULL,NULL,NULL,18,100420191126,'w11XF20211210082308.pdf','20211210101942_1638961047_signed.pdf','Open',158,NULL,NULL,NULL,NULL,NULL,NULL),(30,'P-00012',328,'kbjk','dsada',NULL,117,NULL,'2021-12-10 13:47:58','2021-12-21 06:29:10',NULL,NULL,NULL,NULL,NULL,NULL,NULL,NULL,NULL,NULL,100420191126,'rmgsg20211210084758.pdf',NULL,'Close',153,NULL,'Pak Jono 0878sd4775108',NULL,NULL,NULL,NULL),(31,'P-00013',422,'tes minta email dong','adasdasdasd',NULL,116,NULL,'2021-12-10 22:55:54','2021-12-10 23:08:49',NULL,NULL,NULL,NULL,NULL,NULL,NULL,NULL,730420191104,13,199701302020122012,'3yA7R20211211055554.pdf',NULL,'Diproses',151,NULL,'Pak Nano 08784775108',NULL,'DYh3N20211211055554.pdf',NULL,NULL),(32,'P-00014',422,'tes email kesekian','sadasd',NULL,118,NULL,'2021-12-10 23:14:48','2021-12-10 23:18:21',NULL,NULL,NULL,NULL,NULL,NULL,NULL,NULL,730420191104,19,199701302020122012,'85yaN20211211061448.pdf',NULL,'Diproses',164,NULL,'Pak Naasdno 08784775108',NULL,'Qn5vj20211211061448.pdf',NULL,NULL),(33,'P-00015',422,'tes lagi','fasfsad',NULL,118,NULL,'2021-12-10 23:37:13','2021-12-21 11:48:52',NULL,NULL,NULL,NULL,NULL,NULL,NULL,NULL,NULL,NULL,199701302020122012,NULL,NULL,'Close',163,NULL,'Pak Romeo 08784775108',NULL,NULL,NULL,NULL),(34,'P-00016',422,'Permohonan Email Dinas ....','Berikut terlampir data pemohon \r\nnama: ....\r\nnip: ....',NULL,118,NULL,'2021-12-10 23:39:19','2021-12-24 06:38:27',NULL,NULL,NULL,NULL,NULL,NULL,NULL,NULL,730420191104,19,199701302020122012,NULL,'20211224013827_d9LGm20211221073226.pdf','Diproses',164,NULL,NULL,NULL,NULL,NULL,NULL),(35,'P-00017',422,'tes minta email plis','safas',NULL,118,NULL,'2021-12-10 23:53:38','2021-12-14 03:25:50','Ini ada sesuatu',NULL,NULL,NULL,NULL,NULL,NULL,NULL,730420191104,19,199701302020122012,'l97QD20211211065338.pdf','20211214102550_Qh7K920211210032212.pdf','Diproses',164,NULL,NULL,NULL,'TVVpZ20211211065338.pdf',NULL,NULL),(36,'P-00018',422,'Permintaan Up server','Makan makan yuk',NULL,117,NULL,'2021-12-14 02:02:08','2021-12-14 02:02:08',NULL,NULL,NULL,NULL,NULL,NULL,NULL,NULL,NULL,NULL,199701302020122012,'FZ2Vj20211214020208.htm',NULL,'Open',154,NULL,NULL,NULL,'PKrAv20211214020208.pdf',NULL,NULL),(37,'P-00019',385,'Test upload','Test Uplaod',NULL,117,NULL,'2021-12-14 02:24:09','2021-12-14 02:24:09',NULL,NULL,NULL,NULL,NULL,NULL,NULL,NULL,NULL,NULL,199701302020122012,'VKkZR20211214022409.pdf',NULL,'Open',154,NULL,NULL,NULL,'MjTu120211214022409.png',NULL,NULL),(38,'P-00020',385,'Upload 2','Apapunlah terserah kamu',NULL,117,NULL,'2021-12-14 02:33:25','2021-12-21 06:53:26',NULL,NULL,NULL,NULL,NULL,NULL,NULL,NULL,NULL,18,199701302020122012,'20211214023325_surat_dinas_20211209101752_Daftar_Hadir_Raefaldhi.docx',NULL,'Open',155,NULL,NULL,NULL,'20211214023325_surat_dinas_Qh7K920211210032212.pdf',NULL,NULL),(39,'P-00021',422,'Tessst Verifikasi','the quick brown fox jump over the lazy doh',NULL,117,NULL,'2021-12-15 18:13:53','2021-12-21 06:48:04',NULL,NULL,NULL,NULL,NULL,NULL,NULL,NULL,6101020211210,18,199701302020122012,'wi62u20211216011353.pdf',NULL,'Open',155,NULL,'Whatever (0394049403)',NULL,'8J0Km20211216011353.png',NULL,NULL),(42,'P-00022',422,'Pembuatan Email Baru','Butuh Email Baru',NULL,118,NULL,'2021-12-19 18:35:52','2021-12-19 19:16:30','Bebas',NULL,NULL,NULL,NULL,NULL,NULL,NULL,420720191023,19,199701302020122012,'V3CPL20211220013552.png','20211220021630_SURAT_EDARAN.pdf','Open',164,NULL,NULL,NULL,'1anYe20211220013552.txt',NULL,NULL),(43,'P-00023',422,'Cek Flow sudah benar apa belum','Saya disini hanya untuk cek flow',NULL,119,NULL,'2021-12-23 19:00:05','2021-12-28 16:35:20',NULL,NULL,NULL,'l7eXZ20211228104850.pdf',NULL,'Berikut Lampirannya','oK6mb20211228043109.jpg',NULL,730420191104,NULL,199701302020122012,'5M4r820211224020005.png','20211224112501_Sertifikat_Imunologi.pdf','Close',173,NULL,NULL,5,'f7m1L20211224020005.pdf',NULL,1),(44,'P-00024',422,'Test Email Notification','Ya bondan',NULL,119,NULL,'2021-12-28 23:56:15','2021-12-28 23:56:15',NULL,NULL,NULL,NULL,NULL,NULL,NULL,NULL,NULL,NULL,199701302020122012,'20211229065615_surat_dinas_l7eXZ20211228104850.pdf',NULL,'Open',166,NULL,'bondan(083945950433)',NULL,NULL,NULL,NULL),(45,'P-00025',422,'Test Notifikasi Email ke mana aja','Ini Testnya deskripsinya',NULL,119,NULL,'2021-12-29 00:07:55','2021-12-29 17:40:33',NULL,NULL,NULL,NULL,NULL,NULL,NULL,NULL,730420191104,1,199701302020122012,NULL,NULL,'Close',168,NULL,'bodi (804959404940)',NULL,'20211229070755_surat_dinas_l7eXZ20211228104850.pdf',NULL,NULL),(46,'P-00026',422,'Test Notifikasi Email ke mana aja','Ini Testnya deskripsinya',NULL,118,NULL,'2021-12-29 17:40:33','2021-12-29 17:40:33',NULL,NULL,NULL,NULL,NULL,NULL,NULL,NULL,NULL,NULL,199701302020122012,NULL,NULL,'Open',163,NULL,'bodi (804959404940)',NULL,'20211229070755_surat_dinas_l7eXZ20211228104850.pdf',NULL,NULL),(47,'P-00027',422,'Pendaftaran Email Jabar','Saya ingin membuat email jabar, untuk data sudah saya lampirkan terimakasih.',NULL,121,NULL,'2022-01-06 07:31:19','2022-01-06 07:31:19',NULL,NULL,NULL,NULL,NULL,NULL,NULL,NULL,NULL,NULL,199701302020122012,'20220106023119_surat_dinas_Daftar_Aplikasi_Jabarprov_yang_Aktif_(Tahun_2020)_sign.pdf',NULL,'Open',183,NULL,'Nanang (08949302849023)',NULL,NULL,NULL,NULL);
/*!40000 ALTER TABLE `pelayanan` ENABLE KEYS */;
UNLOCK TABLES;

--
-- Table structure for table `team_user`
--

DROP TABLE IF EXISTS `team_user`;
/*!40101 SET @saved_cs_client     = @@character_set_client */;
/*!40101 SET character_set_client = utf8 */;
CREATE TABLE `team_user` (
  `user_id` varchar(233) NOT NULL,
  `team_id` int(11) NOT NULL,
  `leader` int(11) DEFAULT NULL,
  PRIMARY KEY (`team_id`,`user_id`)
) ENGINE=InnoDB DEFAULT CHARSET=utf8mb4;
/*!40101 SET character_set_client = @saved_cs_client */;

--
-- Dumping data for table `team_user`
--

LOCK TABLES `team_user` WRITE;
/*!40000 ALTER TABLE `team_user` DISABLE KEYS */;
INSERT INTO `team_user` VALUES ('100120210107',1,1),('100820191126',1,0),('730420191104',1,0),('100420200914',2,1),('180520200218',2,0),('730420191104',2,0),('420720191023\r\n730420191104\r\n150920210823\r\n940420201006',4,0),('670320210107',4,1),('100120210107',12,0),('480220191101',12,1),('670320210107',12,0),('730420191104',12,0),('150920210823',13,0),('250420211210',13,1),('420720191023',13,0),('730420191104',13,0),('940420201006',13,0),('170920211210',14,1),('350520210823',14,0),('140120211210',15,0),('170920211210',15,1),('290120211210',16,0),('8001020211210',16,1),('630620211210',17,1),('760820211210',17,0),('170920211210',18,1),('6101020211210',18,0),('150920210823',19,0),('250420211210',19,1),('420720191023',19,0),('730420191104',19,0),('940420201006',19,0),('250420211210',20,1),('730420191104',20,0),('940420201006',20,0),('250420211210',21,1),('730420191104',21,0),('940420201006',21,0),('170920211210',22,1),('350520210823',22,0),('6101020211210',22,0),('170920211210',23,1),('350520210823',23,0),('6101020211210',23,0),('140120211210',24,0),('170920211210',24,1),('290120211210',25,0),('630620211210',25,1),('180520200218',26,0),('630620211210',26,1),('290120211210',27,0),('8001020211210',27,1),('820320220106',27,0),('170920211210',28,1),('350520210823',28,0),('6101020211210',28,0),('180520200218',29,0),('630620211210',29,1),('100220191023',30,1),('170420191023',30,0),('170920211210',30,0),('440320201130',30,0),('100220191023',31,0),('100420191126',31,1),('100420200914',31,0),('100220191023',32,0),('100420191126',32,0),('100420200914',32,1),('100120210107',33,0),('100220191023',33,0),('300920200227',33,1);
/*!40000 ALTER TABLE `team_user` ENABLE KEYS */;
UNLOCK TABLES;

--
-- Table structure for table `timeline_details`
--

DROP TABLE IF EXISTS `timeline_details`;
/*!40101 SET @saved_cs_client     = @@character_set_client */;
/*!40101 SET character_set_client = utf8 */;
CREATE TABLE `timeline_details` (
  `id` int(11) NOT NULL AUTO_INCREMENT,
  `created_at` timestamp NULL DEFAULT NULL,
  `updated_at` timestamp NOT NULL DEFAULT CURRENT_TIMESTAMP,
  `status` varchar(45) DEFAULT NULL,
  `user_id` bigint(20) DEFAULT NULL,
  `type` varchar(45) DEFAULT NULL,
  `description` varchar(345) DEFAULT NULL,
  `timeline_id` int(11) DEFAULT NULL,
  PRIMARY KEY (`id`)
) ENGINE=InnoDB AUTO_INCREMENT=246 DEFAULT CHARSET=utf8mb4;
/*!40101 SET character_set_client = @saved_cs_client */;

--
-- Dumping data for table `timeline_details`
--

LOCK TABLES `timeline_details` WRITE;
/*!40000 ALTER TABLE `timeline_details` DISABLE KEYS */;
INSERT INTO `timeline_details` VALUES (1,'2021-11-07 21:15:44','2021-11-07 21:15:44','Baru',199701302020122012,'user_action','Pembuatan Tiket baru',1),(2,'2021-11-07 21:17:00','2021-11-07 21:17:00','Baru',199701302020122012,'user_action','Pembuatan Tiket baru',2),(3,'2021-11-07 21:38:19','2021-11-07 21:38:19','Diproses',730420191104,'user_action','Update Status Tiket Ke status Diproses',2),(4,'2021-11-10 13:23:37','2021-11-10 13:23:37','Baru',199701302020122012,'user_action','Pembuatan tiken baru',3),(5,'2021-11-10 14:48:34','2021-11-10 14:48:34','Diproses',730420191104,'system_action','Mengirimkan Email ke Agent dan User terkaitDiproses',3),(6,'2021-11-10 14:48:34','2021-11-10 14:48:34','Diproses',730420191104,'user_action','Update Status Tiket Ke status Diproses',3),(7,'2021-11-10 15:31:56','2021-11-10 15:31:56',NULL,730420191104,'user_action','Disposisi Dari Agen  Ke Agen 770620191112',4),(8,'2021-11-10 15:32:30','2021-11-10 15:32:30',NULL,730420191104,'user_action','Disposisi Dari Agen  Ke Agen 110720191023',4),(9,'2021-11-10 15:45:55','2021-11-10 15:45:55',NULL,1,'user_action','Disposisi Ke Agen  Ke Agen 340320210823',3),(10,'2021-11-10 15:51:26','2021-11-10 15:51:26','Pending',1,'system_action','System Mengirimkan Email Ke User & Agent yang Terkait',3),(11,'2021-11-11 02:59:39','2021-11-11 02:59:39','Baru',199701302020122012,'user_action','Pembuatan tiket baru',5),(12,'2021-11-18 15:55:03','2021-11-18 15:55:03','Diproses',730420191104,'system_action','Mengirimkan Email ke Agent dan User terkaitDiproses',6),(13,'2021-11-18 15:55:03','2021-11-18 15:55:03','Diproses',730420191104,'user_action','Update Status Tiket Ke status Diproses',6),(14,'2021-11-19 02:12:06','2021-11-19 02:12:06',NULL,730420191104,'user_action','Disposisi Ke Agen 390620191023',7),(15,'2021-11-19 02:18:45','2021-11-19 02:18:45','Diproses',730420191104,'user_action','Disposisi Ke Agen 110720191023',7),(16,'2021-11-19 02:18:45','2021-11-19 02:18:45','Diproses',730420191104,'user_action','Update Status Menjadi ',7),(17,'2021-11-19 02:22:35','2021-11-19 02:22:35','Diproses',730420191104,'user_action','Update Status Menjadi ',7),(18,'2021-11-19 02:31:40','2021-11-19 02:31:40','Diproses',730420191104,'user_action','Update Status Menjadi ',7),(19,'2021-11-19 02:38:05','2021-11-19 02:38:05','Diproses',730420191104,'user_action','Update Status Menjadi ',7),(20,'2021-11-19 02:38:34','2021-11-19 02:38:34','Diproses',730420191104,'user_action','Update Status Menjadi ',7),(21,'2021-11-19 02:54:48','2021-11-19 02:54:48','Diproses',730420191104,'user_action','Update Status Menjadi ',7),(22,'2021-11-19 02:55:31','2021-11-19 02:55:31','Diproses',730420191104,'user_action','Update Status Menjadi ',7),(23,'2021-11-19 02:55:51','2021-11-19 02:55:51','Diproses',730420191104,'user_action','Update Status Menjadi ',7),(24,'2021-11-19 03:02:02','2021-11-19 03:02:02','Diproses',730420191104,'user_action','Update Status Menjadi ',7),(25,'2021-11-19 03:43:38','2021-11-19 03:43:38','Pending',730420191104,'system_action','System Mengirimkan Email Ke User & Agent yang Terkait ',7),(26,'2021-11-19 03:50:30','2021-11-19 03:50:30','Diproses',730420191104,'user_action','Update Status Menjadi Diproses',7),(27,'2021-11-19 03:53:11','2021-11-19 03:53:11','Pending',730420191104,'system_action','System Mengirimkan Email Ke User & Agent yang Terkait ',7),(28,'2021-11-19 08:02:36','2021-11-19 08:02:36','Baru',199701302020122012,'user_action','Pembuatan tiket baru',8),(29,'2021-11-19 08:27:23','2021-11-19 08:27:23','Baru',199701302020122012,'user_action','Pembuatan tiket baru',9),(30,'2021-11-19 08:29:40','2021-11-19 08:29:40','Diproses',730420191104,'system_action','Mengirimkan Email ke Agent dan User terkaitDiproses',9),(31,'2021-11-19 08:29:40','2021-11-19 08:29:40','Diproses',730420191104,'user_action','Update Status Tiket Ke status Diproses',9),(32,'2021-11-26 07:20:35','2021-11-26 07:20:35','Baru',199701302020122012,'user_action','Pembuatan tiket baru',10),(33,'2021-11-26 07:21:29','2021-11-26 07:21:29','Baru',199701302020122012,'user_action','Pembuatan tiket baru',11),(34,'2021-11-26 07:27:46','2021-11-26 07:27:46','Baru',199701302020122012,'user_action','Pembuatan tiket baru',12),(35,'2021-11-26 09:10:30','2021-11-26 09:10:30','Baru',199701302020122012,'user_action','Pembuatan tiket baru',13),(36,'2021-11-29 02:04:45','2021-11-29 02:04:45','Baru',199701302020122012,'user_action','Pembuatan tiket baru',14),(37,'2021-11-29 04:52:56','2021-11-29 04:52:56','Baru',199701302020122012,'user_action','Pembuatan tiket baru',15),(38,'2021-11-29 06:31:04','2021-11-29 06:31:04','Baru',199701302020122012,'user_action','Pembuatan tiket baru',16),(39,'2021-11-30 16:00:09','2021-11-30 16:00:09','Diproses',730420191104,'system_action','Mengirimkan Email ke Agent dan User terkaitDiproses',17),(40,'2021-11-30 16:00:09','2021-11-30 16:00:09','Diproses',730420191104,'user_action','Update Status Tiket Ke status Diproses',17),(41,'2021-11-30 17:26:14','2021-11-30 17:26:14','Diproses',730420191104,'user_action','Disposisi Ke Agen 110720191023',18),(42,'2021-11-30 17:51:36','2021-11-30 17:51:36','Diproses',730420191104,'system_action','Mengirimkan Email ke Agent dan User terkaitDiproses',18),(43,'2021-11-30 17:51:36','2021-11-30 17:51:36','Diproses',730420191104,'user_action','Update Status Tiket Ke status Diproses',18),(44,'2021-11-30 17:53:36','2021-11-30 17:53:36','Diproses',730420191104,'system_action','Mengirimkan Email ke Agent dan User terkaitDiproses',18),(45,'2021-11-30 17:53:36','2021-11-30 17:53:36','Diproses',730420191104,'user_action','Update Status Tiket Ke status Diproses',18),(46,'2021-11-30 18:09:28','2021-11-30 18:09:28','Diproses',730420191104,'system_action','Mengirimkan Email ke Agent dan User terkaitDiproses',18),(47,'2021-11-30 18:09:28','2021-11-30 18:09:28','Diproses',730420191104,'user_action','Update Progress Tiket Ke Langkah Diproses',18),(48,'2021-11-30 18:23:14','2021-11-30 18:23:14','Diproses',730420191104,'system_action','Mengirimkan Email ke Agent dan User terkaitDiproses',18),(49,'2021-11-30 18:30:15','2021-11-30 18:30:15','Diproses',730420191104,'system_action','Mengirimkan Email ke Agent dan User terkaitDiproses',18),(50,'2021-11-30 18:30:15','2021-11-30 18:30:15','Diproses',730420191104,'user_action','Update Progress Tiket Ke Langkah Diproses',18),(51,'2021-11-30 18:31:37','2021-11-30 18:31:37','Diproses',730420191104,'system_action','Mengirimkan Email ke Agent dan User terkaitDiproses',18),(52,'2021-11-30 18:31:37','2021-11-30 18:31:37','Diproses',730420191104,'user_action','Update Progress Tiket Ke Langkah Diproses',18),(53,'2021-11-30 18:37:38','2021-11-30 18:37:38','Diproses',730420191104,'user_action','Disposisi Ke Agen 100420200914',18),(54,'2021-11-30 18:38:06','2021-11-30 18:38:06','Diproses',730420191104,'system_action','Mengirimkan Email ke Agent dan User terkaitDiproses',18),(55,'2021-11-30 18:38:06','2021-11-30 18:38:06','Diproses',730420191104,'user_action','Update Progress Tiket Ke Langkah Diproses',18),(56,'2021-11-30 20:22:29','2021-11-30 20:22:29','Baru',199701302020122012,'user_action','Pembuatan tiket baru',19),(57,'2021-11-30 20:43:17','2021-11-30 20:43:17','Selesai',730420191104,'system_action','System Mengirimkan Email Ke User & Agent yang Terkait ',20),(58,'2021-12-01 00:52:34','2021-12-01 00:52:34','Diproses',730420191104,'system_action','Mengirimkan Email ke Agent dan User terkaitDiproses',21),(59,'2021-12-01 00:52:34','2021-12-01 00:52:34','Diproses',730420191104,'user_action','Update Status Tiket Ke status Diproses',21),(60,'2021-12-01 03:20:42','2021-12-01 03:20:42','Diproses',730420191104,'user_action','Disposisi Ke Agen 100420200914',18),(61,'2021-12-01 03:22:15','2021-12-01 03:22:15','Pending',730420191104,'system_action','System Mengirimkan Email Ke User & Agent yang Terkait ',22),(62,'2021-12-01 03:23:02','2021-12-01 03:23:02','Pending',730420191104,'system_action','System Mengirimkan Email Ke User & Agent yang Terkait ',22),(63,'2021-12-01 03:39:42','2021-12-01 03:39:42','Baru',199701302020122012,'user_action','Pembuatan tiket baru',23),(64,'2021-12-01 03:41:23','2021-12-01 03:41:23','Diproses',730420191104,'system_action','Mengirimkan Email ke Agent dan User terkaitDiproses',23),(65,'2021-12-01 03:41:23','2021-12-01 03:41:23','Diproses',730420191104,'user_action','Update Status Tiket Ke status Diproses',23),(66,'2021-12-01 03:43:28','2021-12-01 03:43:28','Diproses',730420191104,'system_action','Mengirimkan Email ke Agent dan User terkaitDiproses',23),(67,'2021-12-01 03:43:28','2021-12-01 03:43:28','Diproses',730420191104,'user_action','Update Progress Tiket Ke Langkah Diproses',23),(68,'2021-12-01 03:43:51','2021-12-01 03:43:51','Diproses',730420191104,'system_action','Mengirimkan Email ke Agent dan User terkaitDiproses',23),(69,'2021-12-01 03:43:51','2021-12-01 03:43:51','Diproses',730420191104,'user_action','Update Progress Tiket Ke Langkah Diproses',23),(70,'2021-12-01 03:43:57','2021-12-01 03:43:57','Diproses',730420191104,'system_action','Mengirimkan Email ke Agent dan User terkaitDiproses',23),(71,'2021-12-01 03:43:57','2021-12-01 03:43:57','Diproses',730420191104,'user_action','Update Progress Tiket Ke Langkah Diproses',23),(72,'2021-12-01 03:45:08','2021-12-01 03:45:08','Diproses',730420191104,'user_action','Disposisi Ke Agen 110720191023',23),(73,'2021-12-01 03:47:22','2021-12-01 03:47:22','Diproses',730420191104,'system_action','Mengirimkan Email ke Agent dan User terkaitDiproses',23),(74,'2021-12-01 03:47:22','2021-12-01 03:47:22','Diproses',730420191104,'user_action','Update Progress Tiket Ke Langkah Diproses',23),(75,'2021-12-01 03:47:36','2021-12-01 03:47:36','Diproses',730420191104,'system_action','Mengirimkan Email ke Agent dan User terkaitDiproses',23),(76,'2021-12-01 03:47:36','2021-12-01 03:47:36','Diproses',730420191104,'user_action','Update Progress Tiket Ke Langkah Diproses',23),(77,'2021-12-01 09:01:03','2021-12-01 09:01:03','Diproses',730420191104,'system_action','Mengirimkan Email ke Agent dan User terkaitDiproses',19),(78,'2021-12-01 09:01:03','2021-12-01 09:01:03','Diproses',730420191104,'user_action','Update Status Tiket Ke status Diproses',19),(79,'2021-12-03 02:47:44','2021-12-03 02:47:44','Diproses',1,'system_action','Mengirimkan Email ke Agent dan User terkaitDiproses',24),(80,'2021-12-03 02:47:44','2021-12-03 02:47:44','Diproses',1,'user_action','Update Progress Tiket Ke Langkah Diproses',24),(81,'2021-12-03 04:13:51','2021-12-03 04:13:51','Diproses',1,'system_action','Mengirimkan Email ke Agent dan User terkaitDiproses',24),(82,'2021-12-03 04:13:51','2021-12-03 04:13:51','Diproses',1,'user_action','Update Progress Tiket Ke Langkah Diproses',24),(83,'2021-12-03 05:38:57','2021-12-03 05:38:57','Diproses',730420191104,'user_action','Update Progress Tiket Ke Langkah Diproses',24),(84,'2021-12-03 05:46:53','2021-12-03 05:46:53','Diproses',730420191104,'user_action','Disposisi Ke Agen 100820191126',24),(85,'2021-12-03 07:56:21','2021-12-03 07:56:21','Diproses',100120210107,'user_action','Update Progress Tiket Ke Langkah Diproses',24),(86,'2021-12-03 08:53:46','2021-12-03 08:53:46','Diproses',1,'user_action','Disposisi Ke Agen 100120210107',24),(87,'2021-12-03 08:53:53','2021-12-03 08:53:53','Diproses',1,'user_action','Update Progress Tiket Ke Langkah Diproses',24),(88,'2021-12-05 22:40:07','2021-12-05 22:40:07','Close',100520191213,'user_action','Update Progress Tiket Ke Langkah Close',25),(89,'2021-12-05 22:41:40','2021-12-05 22:41:40','Close',100520191213,'user_action','Update Progress Tiket Ke Langkah Close',25),(90,'2021-12-05 22:44:01','2021-12-05 22:44:01','Close',100520191213,'user_action','Update Progress Tiket Ke Langkah Close',25),(91,'2021-12-05 22:59:48','2021-12-05 22:59:48','Diproses',170820200224,'user_action','Update Progress Tiket Ke Langkah Diproses',25),(92,'2021-12-05 23:02:47','2021-12-05 23:02:47','Diproses',170820200224,'user_action','Update Progress Tiket Ke Langkah Diproses',25),(93,'2021-12-06 00:31:49','2021-12-06 00:31:49','Baru',100420191126,'user_action','Pembuatan tiket baru',26),(94,'2021-12-06 00:37:45','2021-12-06 00:37:45','Diproses',730420191104,'system_action','Mengirimkan Email ke Agent dan User terkaitDiproses',26),(95,'2021-12-06 00:37:45','2021-12-06 00:37:45','Diproses',730420191104,'user_action','Update Status Tiket Ke status Diproses',26),(96,'2021-12-06 01:09:54','2021-12-06 01:09:54','Diproses',100520191213,'user_action','Update Progress Tiket Ke Langkah Diproses',26),(97,'2021-12-06 01:21:57','2021-12-06 01:21:57','Diproses',100520191213,'user_action','Update Progress Tiket Ke Langkah Diproses',26),(98,'2021-12-06 01:51:33','2021-12-06 01:51:33','Diproses',100120210107,'user_action','Update Progress Tiket Ke Langkah Diproses',26),(99,'2021-12-06 01:51:35','2021-12-06 01:51:35','Diproses',100120210107,'user_action','Update Progress Tiket Ke Langkah Diproses',26),(100,'2021-12-06 01:51:54','2021-12-06 01:51:54','Diproses',100120210107,'user_action','Disposisi Ke Agen 100820191126',26),(101,'2021-12-06 01:52:04','2021-12-06 01:52:04','Diproses',100120210107,'user_action','Update Progress Tiket Ke Langkah Diproses',26),(102,'2021-12-06 01:55:46','2021-12-06 01:55:46','Diproses',100120210107,'user_action','Disposisi Ke Agen 180520200218',26),(103,'2021-12-06 01:58:43','2021-12-06 01:58:43','Selesai',100120210107,'system_action','System Mengirimkan Email Ke User & Agent yang Terkait ',26),(104,'2021-12-06 02:53:42','2021-12-06 02:53:42','Diproses',100120210107,'user_action','Disposisi Ke Agen 730420191104',27),(105,'2021-12-06 05:52:54','2021-12-06 05:52:54','Diproses',730420191104,'user_action','Disposisi Dari Agen 730420191104 Ke Agen ',27),(106,'2021-12-06 05:54:05','2021-12-06 05:54:05','Diproses',730420191104,'user_action','Disposisi Dari Agen 730420191104 Ke Agen ',27),(107,'2021-12-06 05:55:00','2021-12-06 05:55:00','Diproses',730420191104,'user_action','Disposisi Dari Agen 730420191104 Ke Agen ',27),(108,'2021-12-06 08:02:06','2021-12-06 08:02:06','Pending',100120210107,'system_action','System Mengirimkan Email Ke User & Agent yang Terkait ',27),(109,'2021-12-06 08:42:21','2021-12-06 08:42:21','Baru',100420191126,'user_action','Pembuatan tiket baru',28),(110,'2021-12-06 08:47:49','2021-12-06 08:47:49','Diproses',100120210107,'system_action','Mengirimkan Email ke Agent dan User terkaitDiproses',28),(111,'2021-12-06 08:47:49','2021-12-06 08:47:49','Diproses',100120210107,'user_action','Update Status Tiket Ke status Diproses',28),(112,'2021-12-06 08:49:18','2021-12-06 08:49:18','Diproses',100520191213,'user_action','Update Progress Tiket Ke Langkah Diproses',28),(113,'2021-12-07 13:12:39','2021-12-07 13:12:39','Baru',199701302020122012,'user_action','Pembuatan tiket baru',29),(114,'2021-12-07 13:35:44','2021-12-07 13:35:44','Baru',199701302020122012,'user_action','Pembuatan tiket baru',30),(115,'2021-12-07 21:29:03','2021-12-07 21:29:03','Baru',100120210107,'user_action','Update Progress Tiket Ke Langkah Baru',31),(116,'2021-12-07 21:29:24','2021-12-07 21:29:24','Baru',100120210107,'user_action','Update Progress Tiket Ke Langkah Baru',31),(117,'2021-12-07 21:29:50','2021-12-07 21:29:50','Diproses',100120210107,'system_action','Mengirimkan Email ke Agent dan User terkaitDiproses',31),(118,'2021-12-07 21:29:50','2021-12-07 21:29:50','Diproses',100120210107,'user_action','Update Status Tiket Ke status Diproses',31),(119,'2021-12-07 21:30:39','2021-12-07 21:30:39','Selesai',100120210107,'user_action','Update Progress Tiket Ke Langkah Selesai',31),(120,'2021-12-07 21:30:41','2021-12-07 21:30:41','Selesai',100120210107,'user_action','Update Progress Tiket Ke Langkah Selesai',31),(121,'2021-12-07 21:30:43','2021-12-07 21:30:43','Selesai',100120210107,'user_action','Update Progress Tiket Ke Langkah Selesai',31),(122,'2021-12-07 21:35:22','2021-12-07 21:35:22','Diproses',100120210107,'user_action','Update Progress Tiket Ke Langkah Diproses',31),(123,'2021-12-07 21:35:46','2021-12-07 21:35:46','Diproses',100120210107,'user_action','Disposisi Ke Agen 100820191126',31),(124,'2021-12-07 22:46:08','2021-12-07 22:46:08','Diproses',100820191126,'user_action','Update Progress Tiket Ke Langkah Diproses',31),(125,'2021-12-07 23:01:15','2021-12-07 23:01:15','Baru',199701302020122012,'user_action','Pembuatan tiket baru',32),(126,'2021-12-07 23:01:25','2021-12-07 23:01:25','Diproses',100120210107,'user_action','Update Progress Tiket Ke Langkah Diproses',32),(127,'2021-12-07 23:03:13','2021-12-07 23:03:13','Diproses',100120210107,'user_action','Disposisi Ke Agen 100820191126',32),(128,'2021-12-07 23:06:52','2021-12-07 23:06:52','Diproses',100120210107,'user_action','Update Progress Tiket Ke Langkah Diproses',32),(129,'2021-12-08 01:42:13','2021-12-08 01:42:13',NULL,100120210107,'user_action','Disposisi Ke Agen 180520200218',32),(130,'2021-12-08 01:43:08','2021-12-08 01:43:08',NULL,100120210107,'user_action','Disposisi Ke Agen 180520200218',32),(131,'2021-12-08 01:44:44','2021-12-08 01:44:44',NULL,100120210107,'user_action','Disposisi Ke Agen 180520200218',32),(132,'2021-12-08 03:09:43','2021-12-08 03:09:43',NULL,100120210107,'user_action','Disposisi Ke Agen 180520200218',32),(133,'2021-12-08 03:15:53','2021-12-08 03:15:53',NULL,100120210107,'user_action','Disposisi Ke Agen 180520200218',32),(134,'2021-12-08 03:16:33','2021-12-08 03:16:33',NULL,100120210107,'user_action','Disposisi Ke Agen 180520200218',32),(135,'2021-12-08 03:17:07','2021-12-08 03:17:07',NULL,100120210107,'user_action','Disposisi Ke Agen 180520200218',32),(136,'2021-12-08 03:17:31','2021-12-08 03:17:31',NULL,100120210107,'user_action','Disposisi Ke Agen 180520200218',32),(137,'2021-12-08 03:18:10','2021-12-08 03:18:10',NULL,100120210107,'user_action','Disposisi Ke Agen 180520200218',32),(138,'2021-12-08 03:18:55','2021-12-08 03:18:55',NULL,100120210107,'user_action','Disposisi Ke Agen 180520200218',32),(139,'2021-12-08 03:19:36','2021-12-08 03:19:36',NULL,100120210107,'user_action','Disposisi Ke Agen 180520200218',32),(140,'2021-12-08 03:19:58','2021-12-08 03:19:58',NULL,100120210107,'user_action','Disposisi Ke Agen 180520200218',32),(141,'2021-12-08 03:21:01','2021-12-08 03:21:01','Diproses',100120210107,'user_action','Disposisi Ke Agen 180520200218',32),(142,'2021-12-08 03:37:04','2021-12-08 03:37:04','Selesai',180520200218,'user_action','Update Progress Tiket Ke Langkah Selesai',32),(143,'2021-12-08 03:49:17','2021-12-08 03:49:17','Selesai',180520200218,'user_action','Update Progress Tiket Ke Langkah Selesai',32),(144,'2021-12-08 03:49:19','2021-12-08 03:49:19','Selesai',180520200218,'user_action','Update Progress Tiket Ke Langkah Selesai',32),(145,'2021-12-08 04:05:38','2021-12-08 04:05:38','Selesai',180520200218,'user_action','Update Progress Tiket Ke Langkah Selesai',32),(146,'2021-12-08 04:15:50','2021-12-08 04:15:50','Selesai',100120210107,'user_action','Disposisi Ke Agen 100420200914',32),(147,'2021-12-08 04:16:04','2021-12-08 04:16:04','Selesai',100120210107,'system_action','System Mengirimkan Email Ke User & Agent yang Terkait ',32),(148,'2021-12-09 06:57:59','2021-12-09 06:57:59','Baru',199701302020122012,'user_action','Pembuatan tiket baru',33),(149,'2021-12-09 06:58:42','2021-12-09 06:58:42','Diproses',1,'user_action','Update Progress Tiket Ke Langkah Diproses',33),(150,'2021-12-09 07:00:09','2021-12-09 07:00:09','Diproses',1,'user_action','Disposisi Ke Agen 730420191104',33),(151,'2021-12-09 07:01:28','2021-12-09 07:01:28','Diproses',1,'user_action','Update Progress Tiket Ke Langkah Diproses',33),(152,'2021-12-09 07:01:38','2021-12-09 07:01:38','Diproses',1,'user_action','Disposisi Ke Agen 180520200218',33),(153,'2021-12-09 07:04:04','2021-12-09 07:04:04','Selesai',1,'user_action','Update Progress Tiket Ke Langkah Selesai',33),(154,'2021-12-09 09:00:43','2021-12-09 09:00:43','Baru',199701302020122012,'user_action','Pembuatan tiket baru',34),(155,'2021-12-09 09:05:52','2021-12-09 09:05:52','Baru',199701302020122012,'user_action','Pembuatan tiket baru',35),(156,'2021-12-09 09:09:09','2021-12-09 09:09:09','Baru',199701302020122012,'user_action','Pembuatan tiket baru',36),(157,'2021-12-09 09:13:58','2021-12-09 09:13:58','Diproses',100120210107,'user_action','Update Progress Tiket Ke Langkah Diproses',34),(158,'2021-12-09 09:14:50','2021-12-09 09:14:50','Diproses',100120210107,'user_action','Disposisi Ke Agen 100820191126',34),(159,'2021-12-09 09:21:16','2021-12-09 09:21:16','Diproses',100120210107,'user_action','Disposisi Ke Agen 180520200218',35),(160,'2021-12-09 09:33:48','2021-12-09 09:33:48','Baru',199701302020122012,'user_action','Pembuatan tiket baru',37),(161,'2021-12-10 01:22:35','2021-12-10 01:22:35','Baru',100420191126,'user_action','Pembuatan tiket baru',38),(162,'2021-12-10 02:46:24','2021-12-10 02:46:24','Diproses',100120210107,'user_action','Disposisi Ke Agen 180520200218',39),(163,'2021-12-10 02:58:47','2021-12-10 02:58:47','Diproses',100120210107,'user_action','Update Progress Tiket Ke Langkah Diproses',39),(164,'2021-12-10 02:59:02','2021-12-10 02:59:02','Diproses',100120210107,'user_action','Update Progress Tiket Ke Langkah Diproses',39),(165,'2021-12-10 03:04:35','2021-12-10 03:04:35','Diproses',100120210107,'user_action','Update Progress Tiket Ke Langkah Diproses',39),(166,'2021-12-10 03:12:35','2021-12-10 03:12:35','Diproses',100120210107,'user_action','Disposisi Ke Agen 180520200218',39),(167,'2021-12-10 03:16:35','2021-12-10 03:16:35','Diproses',100120210107,'user_action','Update Progress Tiket Ke Langkah Diproses',39),(168,'2021-12-10 03:18:23','2021-12-10 03:18:23','Diproses',100120210107,'user_action','Disposisi Ke Agen 730420191104',39),(169,'2021-12-10 03:20:49','2021-12-10 03:20:49','Selesai',100120210107,'user_action','Update Progress Tiket Ke Langkah Selesai',39),(170,'2021-12-10 07:06:22','2021-12-10 07:06:22','Baru',199701302020122012,'user_action','Pembuatan tiket baru',40),(171,'2021-12-10 07:08:51','2021-12-10 07:08:51','Diproses',100520191213,'user_action','Update Progress Tiket Ke Langkah Diproses',38),(172,'2021-12-10 07:09:09','2021-12-10 07:09:09','Diproses',100520191213,'user_action','Update Progress Tiket Ke Langkah Diproses',38),(173,'2021-12-10 07:10:26','2021-12-10 07:10:26','Diproses',100120210107,'user_action','Update Progress Tiket Ke Langkah Diproses',38),(174,'2021-12-10 07:22:08','2021-12-10 07:22:08','Diproses',120520191023,'user_action','Update Progress Tiket Ke Langkah Diproses',40),(175,'2021-12-10 07:51:03','2021-12-10 07:51:03','Diproses',250420211210,'user_action','Update Progress Tiket Ke Langkah Diproses',40),(176,'2021-12-10 07:52:43','2021-12-10 07:52:43','Baru',199701302020122012,'user_action','Pembuatan tiket baru',41),(177,'2021-12-10 07:55:39','2021-12-10 07:55:39','Diproses',250420211210,'user_action','Update Progress Tiket Ke Langkah Diproses',41),(178,'2021-12-10 07:57:37','2021-12-10 07:57:37','Diproses',250420211210,'user_action','Disposisi Ke Agen 730420191104',41),(179,'2021-12-10 12:22:20','2021-12-10 12:22:20','Selesai',250420211210,'user_action','Update Progress Tiket Ke Langkah Selesai',41),(180,'2021-12-10 12:45:45','2021-12-10 12:45:45','Baru',199701302020122012,'user_action','Pembuatan tiket baru',42),(181,'2021-12-10 12:50:32','2021-12-10 12:50:32','Diproses',170920211210,'user_action','Update Progress Tiket Ke Langkah Diproses',42),(182,'2021-12-10 13:23:08','2021-12-10 13:23:08','Baru',100420191126,'user_action','Pembuatan tiket baru',43),(183,'2021-12-10 13:40:39','2021-12-10 13:40:39','Diproses',100520191213,'user_action','Update Progress Tiket Ke Langkah Diproses',43),(184,'2021-12-10 13:44:24','2021-12-10 13:44:24','Diproses',100520191213,'user_action','Update Progress Tiket Ke Langkah Diproses',43),(185,'2021-12-10 13:47:58','2021-12-10 13:47:58','Baru',100420191126,'user_action','Pembuatan tiket baru',44),(186,'2021-12-10 13:48:36','2021-12-10 13:48:36','Diproses',100520191213,'user_action','Update Progress Tiket Ke Langkah Diproses',44),(187,'2021-12-10 13:52:31','2021-12-10 13:52:31','Close',100520191213,'user_action','Update Progress Tiket Ke Langkah Close',44),(188,'2021-12-10 13:58:13','2021-12-10 13:58:13','Diproses',170920211210,'user_action','Update Progress Tiket Ke Langkah Diproses',43),(189,'2021-12-10 14:00:51','2021-12-10 14:00:51','Diproses',170920211210,'user_action','Disposisi Ke Agen 6101020211210',43),(190,'2021-12-10 14:25:26','2021-12-10 14:25:26','Diproses',170920211210,'user_action','Update Progress Tiket Ke Langkah Diproses',43),(191,'2021-12-10 14:34:46','2021-12-10 14:34:46','Diproses',170920211210,'user_action','Disposisi Ke Agen 140120211210',43),(192,'2021-12-10 14:49:36','2021-12-10 14:49:36','Diproses',170920211210,'user_action','Update Progress Tiket Ke Langkah Diproses',43),(193,'2021-12-10 15:04:02','2021-12-10 15:04:02','Diproses',170920211210,'user_action','Disposisi Ke Agen 760820211210',43),(194,'2021-12-10 15:08:52','2021-12-10 15:08:52','Diproses',170920211210,'user_action','Update Progress Tiket Ke Langkah Diproses',43),(195,'2021-12-10 15:10:06','2021-12-10 15:10:06','Diproses',8001020211210,'user_action','Disposisi Ke Agen 290120211210',43),(196,'2021-12-10 15:21:27','2021-12-10 15:21:27','Diproses',8001020211210,'user_action','Update Progress Tiket Ke Langkah Diproses',43),(197,'2021-12-10 22:55:54','2021-12-10 22:55:54','Baru',199701302020122012,'user_action','Pembuatan tiket baru',45),(198,'2021-12-10 23:08:34','2021-12-10 23:08:34','Diproses',250420211210,'user_action','Update Progress Tiket Ke Langkah Diproses',45),(199,'2021-12-10 23:08:49','2021-12-10 23:08:49','Diproses',250420211210,'user_action','Disposisi Ke Agen 730420191104',45),(200,'2021-12-10 23:14:48','2021-12-10 23:14:48','Baru',199701302020122012,'user_action','Pembuatan tiket baru',46),(201,'2021-12-10 23:18:06','2021-12-10 23:18:06','Diproses',250420211210,'user_action','Update Progress Tiket Ke Langkah Diproses',46),(202,'2021-12-10 23:18:21','2021-12-10 23:18:21','Diproses',250420211210,'user_action','Disposisi Ke Agen 730420191104',46),(203,'2021-12-10 23:37:13','2021-12-10 23:37:13','Baru',199701302020122012,'user_action','Pembuatan tiket baru',47),(204,'2021-12-10 23:39:19','2021-12-10 23:39:19','Baru',199701302020122012,'user_action','Pembuatan tiket baru',48),(205,'2021-12-10 23:39:49','2021-12-10 23:39:49','Diproses',250420211210,'user_action','Update Progress Tiket Ke Langkah Diproses',48),(206,'2021-12-10 23:40:06','2021-12-10 23:40:06','Diproses',250420211210,'user_action','Update Progress Tiket Ke Langkah Diproses',48),(207,'2021-12-10 23:41:30','2021-12-10 23:41:30','Diproses',250420211210,'user_action','Update Progress Tiket Ke Langkah Diproses',48),(208,'2021-12-10 23:42:18','2021-12-10 23:42:18','Diproses',250420211210,'user_action','Disposisi Ke Agen 730420191104',48),(209,'2021-12-10 23:53:38','2021-12-10 23:53:38','Baru',199701302020122012,'user_action','Pembuatan tiket baru',49),(210,'2021-12-10 23:55:10','2021-12-10 23:55:10','Diproses',250420211210,'user_action','Update Progress Tiket Ke Langkah Diproses',49),(211,'2021-12-10 23:55:32','2021-12-10 23:55:32','Diproses',250420211210,'user_action','Disposisi Ke Agen 730420191104',49),(213,'2021-12-19 18:35:52','2021-12-19 18:35:52','Baru',199701302020122012,'user_action','Pembuatan tiket baru',52),(214,'2021-12-19 18:46:17','2021-12-19 18:46:17','Open',530520211210,'user_action','Update Progress Tiket Ke Langkah Open',52),(215,'2021-12-19 18:58:38','2021-12-19 18:58:38','Open',250420211210,'user_action','Disposisi Ke Agen 420720191023',52),(216,'2021-12-19 19:00:16','2021-12-19 19:00:16','Open',250420211210,'user_action','Disposisi Ke Agen 420720191023',52),(217,'2021-12-21 06:29:10','2021-12-21 06:29:10','Close',100520191213,'user_action','Update Progress Tiket Ke Langkah Close',53),(218,'2021-12-21 06:44:12','2021-12-21 06:44:12','Open',170920211210,'user_action','Update Progress Tiket Ke Langkah Open',54),(219,'2021-12-21 06:48:04','2021-12-21 06:48:04','Open',170920211210,'user_action','Disposisi Ke Agen 6101020211210',54),(220,'2021-12-21 06:53:26','2021-12-21 06:53:26','Open',170920211210,'user_action','Update Progress Tiket Ke Langkah Open',55),(221,'2021-12-21 11:48:40','2021-12-21 11:48:40','Diproses',170920211210,'user_action','Update Progress Tiket Ke Langkah Diproses',56),(222,'2021-12-21 11:48:48','2021-12-21 11:48:48','Diproses',170920211210,'user_action','Update Progress Tiket Ke Langkah Diproses',56),(223,'2021-12-21 11:48:52','2021-12-21 11:48:52','Close',170920211210,'user_action','Update Progress Tiket Ke Langkah Close',56),(224,'2021-12-23 19:00:05','2021-12-23 19:00:05','Baru',199701302020122012,'user_action','Pembuatan tiket baru',57),(225,'2021-12-23 20:04:03','2021-12-23 20:04:03','Entah Ini pastinya Flow 4',100120210107,'user_action','Update Progress Tiket Ke Langkah Entah Ini pastinya Flow 4',57),(226,'2021-12-23 20:18:07','2021-12-23 20:18:07','Diproses',100120210107,'user_action','Disposisi Ke Agen 730420191104',57),(227,'2021-12-24 03:31:58','2021-12-24 03:31:58','Cek ke step 5',100120210107,'user_action','Update Progress Tiket Ke Langkah Cek ke step 5',57),(228,'2021-12-24 03:50:56','2021-12-24 03:50:56','Diproses',100120210107,'user_action','Disposisi Ke Agen 420720191023',57),(229,'2021-12-24 04:01:04','2021-12-24 04:01:04','Cek ke step 5',100120210107,'user_action','Update Progress Tiket Ke Langkah Cek ke step 5',57),(230,'2021-12-24 04:02:47','2021-12-24 04:02:47','Diproses',100120210107,'user_action','Disposisi Ke Agen 420720191023',57),(231,'2021-12-24 04:25:05','2021-12-24 04:25:05','Pemberian Hasil dan BA',100120210107,'user_action','Update Progress Tiket Ke Langkah Pemberian Hasil dan BA',57),(232,'2021-12-28 15:48:50','2021-12-28 15:48:50','Selesai',730420191104,'system_action','System Mengirimkan Email Ke User & Agent yang Terkait ',58),(233,'2021-12-28 16:27:20','2021-12-28 16:27:20','Selesai',100120210107,'system_action','System Mengirimkan Email Ke User & Agent yang Terkait ',58),(234,'2021-12-28 16:32:57','2021-12-28 16:32:57','Selesai',100120210107,'user_action','Update Progress Tiket Ke Langkah Selesai',58),(235,'2021-12-28 23:56:25','2021-12-28 23:56:25','Baru',199701302020122012,'user_action','Pembuatan tiket baru',59),(236,'2021-12-29 00:08:04','2021-12-29 00:08:04','Baru',199701302020122012,'user_action','Pembuatan tiket baru',60),(237,'2021-12-29 16:12:04','2021-12-29 16:12:04','Diproses',100120210107,'system_action','Mengirimkan Email ke Agent dan User terkaitDiproses',60),(238,'2021-12-29 16:12:04','2021-12-29 16:12:04','Entah Ini pastinya Flow 4',100120210107,'user_action','Update Progress Tiket Ke Langkah Entah Ini pastinya Flow 4',60),(239,'2021-12-29 16:36:01','2021-12-29 16:36:01','Diproses',100120210107,'user_action','Disposisi Ke Agen 730420191104',60),(240,'2021-12-29 16:49:12','2021-12-29 16:49:12','Diproses',100120210107,'user_action','Disposisi Ke Agen 730420191104',60),(241,'2021-12-29 16:54:32','2021-12-29 16:54:32','Diproses',100120210107,'user_action','Disposisi Ke Agen 730420191104',60),(242,'2021-12-29 16:55:51','2021-12-29 16:55:51','Diproses',100120210107,'user_action','Disposisi Ke Agen 730420191104',60),(243,'2021-12-29 16:56:22','2021-12-29 16:56:22','Diproses',100120210107,'user_action','Disposisi Ke Agen 730420191104',60),(244,'2021-12-29 17:36:43','2021-12-29 17:36:43','Close',100120210107,'user_action','Update Status Menjadi Close',61),(245,'2022-01-06 07:31:31','2022-01-06 07:31:31','Baru',199701302020122012,'user_action','Pembuatan tiket baru',62);
/*!40000 ALTER TABLE `timeline_details` ENABLE KEYS */;
UNLOCK TABLES;

--
-- Table structure for table `pelayanan_agent_task`
--

DROP TABLE IF EXISTS `pelayanan_agent_task`;
/*!40101 SET @saved_cs_client     = @@character_set_client */;
/*!40101 SET character_set_client = utf8 */;
CREATE TABLE `pelayanan_agent_task` (
  `id` int(11) NOT NULL AUTO_INCREMENT,
  `user_agent` varchar(100) DEFAULT NULL,
  `task_report` varchar(100) DEFAULT NULL,
  `status` int(11) DEFAULT '0',
  `stage` int(11) DEFAULT NULL,
  `pelayanan_id` int(11) DEFAULT NULL,
  `updated_at` timestamp NULL DEFAULT NULL,
  `created_at` timestamp NULL DEFAULT NULL,
  `final_solution` int(11) DEFAULT NULL,
  PRIMARY KEY (`id`)
) ENGINE=InnoDB AUTO_INCREMENT=89 DEFAULT CHARSET=utf8mb4;
/*!40101 SET character_set_client = @saved_cs_client */;

--
-- Dumping data for table `pelayanan_agent_task`
--

LOCK TABLES `pelayanan_agent_task` WRITE;
/*!40000 ALTER TABLE `pelayanan_agent_task` DISABLE KEYS */;
INSERT INTO `pelayanan_agent_task` VALUES (12,'100820191126','Anda Telah Diberikan Tugas, Silahkan Update progres',0,120,18,'2021-12-07 21:35:46','2021-12-07 21:35:46',NULL),(13,'100820191126','Silahkan di cek',0,120,18,'2021-12-07 22:25:15','2021-12-07 22:25:15',NULL),(14,'100820191126','Maaf ada yang ketinggalan ,',0,120,18,'2021-12-07 22:26:15','2021-12-07 22:26:15',NULL),(15,'100820191126',NULL,1,120,18,'2021-12-07 22:27:22','2021-12-07 22:27:22',NULL),(16,'100820191126','Anda Telah Diberikan Tugas, Silahkan Update progres',0,134,19,'2021-12-07 23:03:13','2021-12-07 23:03:13',NULL),(17,'100820191126','Cek sudah beres',1,134,19,'2021-12-07 23:06:10','2021-12-07 23:06:10',NULL),(18,'100120210107',NULL,1,134,19,'2021-12-07 23:06:28','2021-12-07 23:06:28',NULL),(19,'100120210107','Anda Telah Diberikan Tugas, Silahkan Update progres',0,135,19,'2021-12-08 01:42:13','2021-12-08 01:42:13',NULL),(20,'100120210107','Anda Telah Diberikan Tugas, Silahkan Update progres',0,135,19,'2021-12-08 01:43:08','2021-12-08 01:43:08',NULL),(21,'100120210107','Anda Telah Diberikan Tugas, Silahkan Update progres',0,135,19,'2021-12-08 01:44:44','2021-12-08 01:44:44',NULL),(22,'100120210107','Anda Telah Diberikan Tugas, Silahkan Update progres',0,135,19,'2021-12-08 03:09:43','2021-12-08 03:09:43',NULL),(23,'100120210107','Anda Telah Diberikan Tugas, Silahkan Update progres',0,135,19,'2021-12-08 03:15:53','2021-12-08 03:15:53',NULL),(24,'100120210107','Anda Telah Diberikan Tugas, Silahkan Update progres',0,135,19,'2021-12-08 03:16:33','2021-12-08 03:16:33',NULL),(25,'100120210107','Anda Telah Diberikan Tugas, Silahkan Update progres',0,135,19,'2021-12-08 03:17:07','2021-12-08 03:17:07',NULL),(26,'100120210107','Anda Telah Diberikan Tugas, Silahkan Update progres',0,135,19,'2021-12-08 03:17:31','2021-12-08 03:17:31',NULL),(27,'100120210107','Anda Telah Diberikan Tugas, Silahkan Update progres',0,135,19,'2021-12-08 03:18:10','2021-12-08 03:18:10',NULL),(28,'100120210107','Anda Telah Diberikan Tugas, Silahkan Update progres',0,135,19,'2021-12-08 03:18:55','2021-12-08 03:18:55',NULL),(29,'100120210107','Anda Telah Diberikan Tugas, Silahkan Update progres',0,135,19,'2021-12-08 03:19:36','2021-12-08 03:19:36',NULL),(30,'100120210107','Anda Telah Diberikan Tugas, Silahkan Update progres',0,135,19,'2021-12-08 03:19:58','2021-12-08 03:19:58',NULL),(31,'100120210107','Anda Telah Diberikan Tugas, Silahkan Update progres',0,135,19,'2021-12-08 03:21:01','2021-12-08 03:21:01',NULL),(32,'180520200218','Bisa di cek apakah ini sudah benar?',1,135,19,'2021-12-08 03:28:49','2021-12-08 03:28:49',NULL),(33,'100120210107','Anda Telah Diberikan Tugas, Silahkan Update progres',0,135,19,'2021-12-08 04:15:50','2021-12-08 04:15:50',NULL),(34,'730420191104','Cek Saya kebagian nih',0,120,18,'2021-12-07 22:25:15','2021-12-07 22:25:15',NULL),(35,'1','Anda Telah Diberikan Tugas, Silahkan Update progres',0,134,20,'2021-12-09 07:00:09','2021-12-09 07:00:09',NULL),(36,'730420191104','Baik Terima kasih berikut hasilnya',1,134,20,'2021-12-09 07:00:54','2021-12-09 07:00:54',NULL),(37,'1',NULL,1,134,20,'2021-12-09 07:01:23','2021-12-09 07:01:23',NULL),(38,'1','Anda Telah Diberikan Tugas, Silahkan Update progres',0,135,20,'2021-12-09 07:01:38','2021-12-09 07:01:38',NULL),(39,'180520200218','Baik Terima kasih, Contoh output /',1,135,20,'2021-12-09 07:03:14','2021-12-09 07:03:14',NULL),(40,'1',NULL,1,135,20,'2021-12-09 07:03:58','2021-12-09 07:03:58',NULL),(41,'100120210107','Anda Telah Diberikan Tugas, Silahkan Update progres',0,134,21,'2021-12-09 09:14:50','2021-12-09 09:14:50',NULL),(42,'100120210107','Anda Telah Diberikan Tugas, Silahkan Update progres',0,131,22,'2021-12-09 09:21:16','2021-12-09 09:21:16',NULL),(43,'180520200218','ytiugeiugiw',0,131,22,'2021-12-09 09:24:44','2021-12-09 09:24:44',NULL),(44,'100120210107','Anda Telah Diberikan Tugas, Silahkan Update progres',0,131,24,'2021-12-10 02:46:24','2021-12-10 02:46:24',NULL),(45,'180520200218','aplikasi oke, telah dicek',0,131,24,'2021-12-10 02:52:35','2021-12-10 02:52:35',NULL),(46,'100120210107','Anda Telah Diberikan Tugas, Silahkan Update progres',0,134,24,'2021-12-10 03:12:35','2021-12-10 03:12:35',NULL),(47,'180520200218','aplikasi sudah di cek , repo sudah oke',0,134,24,'2021-12-10 03:13:42','2021-12-10 03:13:42',NULL),(48,'100120210107','lengkapi form pengecekan ini',1,134,24,'2021-12-10 03:14:42','2021-12-10 03:14:42',NULL),(49,'180520200218','oke sudah dilengkapi',1,134,24,'2021-12-10 03:15:41','2021-12-10 03:15:41',NULL),(50,'100120210107','Anda Telah Diberikan Tugas, Silahkan Update progres',0,135,24,'2021-12-10 03:18:23','2021-12-10 03:18:23',NULL),(51,'730420191104','oke selesai pengecekan, berikut laporannya',1,135,24,'2021-12-10 03:19:56','2021-12-10 03:19:56',NULL),(52,'1','sJKABSKJa',0,131,22,'2021-12-10 03:24:12','2021-12-10 03:24:12',NULL),(53,'250420211210','Anda Telah Diberikan Tugas, Silahkan Update progres',0,151,27,'2021-12-10 07:57:37','2021-12-10 07:57:37',NULL),(54,'730420191104','nih username ama passwordnya',1,151,27,'2021-12-10 08:02:37','2021-12-10 08:02:37',NULL),(55,'250420211210','Perbaiki',0,151,27,'2021-12-10 12:13:54','2021-12-10 12:13:54',NULL),(56,'730420191104','ini ya',1,151,27,'2021-12-10 12:15:56','2021-12-10 12:15:56',NULL),(57,'170920211210','Anda Telah Diberikan Tugas, Silahkan Update progres',0,155,29,'2021-12-10 14:00:51','2021-12-10 14:00:51',NULL),(58,'6101020211210','Pendaftaran berhasil dilakukan',1,155,29,'2021-12-10 14:20:07','2021-12-10 14:20:07',NULL),(59,'170920211210','Anda Telah Diberikan Tugas, Silahkan Update progres',0,156,29,'2021-12-10 14:34:46','2021-12-10 14:34:46',NULL),(60,'140120211210','Berikut terlampir Kode Aplikasi, Profil aplikasi dan rekomendasi subdomain',1,156,29,'2021-12-10 14:46:32','2021-12-10 14:46:32',NULL),(61,'170920211210','Anda Telah Diberikan Tugas, Silahkan Update progres',0,157,29,'2021-12-10 15:04:02','2021-12-10 15:04:02',NULL),(62,'760820211210','asjnjsa',1,157,29,'2021-12-10 15:07:52','2021-12-10 15:07:52',NULL),(63,'8001020211210','Anda Telah Diberikan Tugas, Silahkan Update progres',0,158,29,'2021-12-10 15:10:06','2021-12-10 15:10:06',NULL),(64,'290120211210','Berikut merupakan hasil verifikasi dokumen yg hasil rekomendasi',1,158,29,'2021-12-10 15:14:47','2021-12-10 15:14:47',NULL),(65,'290120211210','Berikut merupakan verfikasi hasil rekomendasi yang diperbaiki',0,159,29,'2021-12-10 15:19:42','2021-12-10 15:19:42',NULL),(66,'250420211210','Anda Telah Diberikan Tugas, Silahkan Update progres',0,151,31,'2021-12-10 23:08:49','2021-12-10 23:08:49',NULL),(67,'250420211210','Anda Telah Diberikan Tugas, Silahkan Update progres',0,164,32,'2021-12-10 23:18:21','2021-12-10 23:18:21',NULL),(68,'250420211210','Anda Telah Diberikan Tugas, Silahkan Update progres',0,164,34,'2021-12-10 23:42:18','2021-12-10 23:42:18',NULL),(69,'250420211210','Anda Telah Diberikan Tugas, Silahkan Update progres',0,164,35,'2021-12-10 23:55:32','2021-12-10 23:55:32',NULL),(70,'730420191104','Ini ada sesuatu',1,164,35,'2021-12-14 03:25:50','2021-12-14 03:25:50',NULL),(71,'250420211210','Anda Telah Diberikan Tugas, Silahkan Update progres',0,164,42,'2021-12-19 19:00:16','2021-12-19 19:00:16',NULL),(72,'420720191023','Bebas',1,164,42,'2021-12-19 19:16:30','2021-12-19 19:16:30',NULL),(73,'170920211210','Anda Telah Diberikan Tugas, Silahkan Update progres',0,155,39,'2021-12-21 06:48:04','2021-12-21 06:48:04',NULL),(74,'100120210107','Anda Telah Diberikan Tugas, Silahkan Update progres',0,168,43,'2021-12-23 20:18:07','2021-12-23 20:18:07',NULL),(75,'730420191104','Berikut Lampiran dari saya',1,168,43,'2021-12-23 21:19:44','2021-12-23 21:19:44',NULL),(76,'100120210107','Masih Belum Benar Tolong Di cek lagi ya',0,168,43,'2021-12-23 21:21:56','2021-12-23 21:21:56',NULL),(77,'730420191104','Silahkan Cek yang ini?',1,168,43,'2021-12-23 21:22:26','2021-12-23 21:22:26',NULL),(80,'100120210107','Berikut Solusi Akhir stage 4',1,168,43,'2021-12-23 22:32:00','2021-12-23 22:32:00',1),(82,'100120210107','Anda Telah Diberikan Tugas, Silahkan Update progres',0,169,43,'2021-12-24 04:02:47','2021-12-24 04:02:47',NULL),(83,'730420191104','Lampiran Pekerjaan Sudah Beres',1,169,43,'2021-12-24 04:23:42','2021-12-24 04:23:42',NULL),(84,'100120210107','Berikut Lampiran Bahwa Tugas Sudah Beres',1,169,43,'2021-12-24 04:25:01','2021-12-24 04:25:01',1),(85,'730420191104','Ini Hasil Pengerjaan',1,164,34,'2021-12-24 06:35:05','2021-12-24 06:35:05',NULL),(86,'100120210107','INI SOLUSI DARI FLOW INI .',1,164,34,'2021-12-24 06:38:27','2021-12-24 06:38:27',1),(87,'100120210107','Anda Telah Diberikan Tugas, Silahkan Update progres',0,168,45,'2021-12-29 16:55:51','2021-12-29 16:55:51',NULL),(88,'100120210107','Anda Telah Diberikan Tugas, Silahkan Update progres',0,168,45,'2021-12-29 16:56:22','2021-12-29 16:56:22',NULL);
/*!40000 ALTER TABLE `pelayanan_agent_task` ENABLE KEYS */;
UNLOCK TABLES;

--
-- Table structure for table `reff_status`
--

DROP TABLE IF EXISTS `reff_status`;
/*!40101 SET @saved_cs_client     = @@character_set_client */;
/*!40101 SET character_set_client = utf8 */;
CREATE TABLE `reff_status` (
  `id_status` int(5) NOT NULL,
  `status_name` varchar(20) NOT NULL,
  PRIMARY KEY (`id_status`)
) ENGINE=InnoDB DEFAULT CHARSET=latin1;
/*!40101 SET character_set_client = @saved_cs_client */;

--
-- Dumping data for table `reff_status`
--

LOCK TABLES `reff_status` WRITE;
/*!40000 ALTER TABLE `reff_status` DISABLE KEYS */;
INSERT INTO `reff_status` VALUES (1,'Implementasi'),(2,'Produksi'),(3,'Stok'),(4,'Kadaluarsa');
/*!40000 ALTER TABLE `reff_status` ENABLE KEYS */;
UNLOCK TABLES;

--
-- Table structure for table `flow_pelayanan`
--

DROP TABLE IF EXISTS `flow_pelayanan`;
/*!40101 SET @saved_cs_client     = @@character_set_client */;
/*!40101 SET character_set_client = utf8 */;
CREATE TABLE `flow_pelayanan` (
  `id` int(11) NOT NULL AUTO_INCREMENT,
  `name` varchar(100) DEFAULT NULL,
  `status` int(11) DEFAULT NULL,
  `jns_pelayanan_id` int(11) DEFAULT NULL,
  `koordinator_id` int(11) DEFAULT NULL,
  `stage` int(11) NOT NULL DEFAULT '1',
  `user_koordinator_id` varchar(100) DEFAULT NULL,
  PRIMARY KEY (`id`)
) ENGINE=InnoDB AUTO_INCREMENT=279 DEFAULT CHARSET=utf8mb4;
/*!40101 SET character_set_client = @saved_cs_client */;

--
-- Dumping data for table `flow_pelayanan`
--

LOCK TABLES `flow_pelayanan` WRITE;
/*!40000 ALTER TABLE `flow_pelayanan` DISABLE KEYS */;
INSERT INTO `flow_pelayanan` VALUES (117,'Permintaan Masuk',NULL,109,NULL,1,NULL),(118,'Validasi Permintaan Layanan',NULL,109,NULL,2,NULL),(119,'Verifikasi Permintaan Layanan',NULL,109,NULL,3,NULL),(120,'Flow 4',NULL,109,1,4,NULL),(121,'Flow 5',NULL,109,2,5,NULL),(131,'Permintaan Masuk',NULL,112,NULL,1,NULL),(132,'Validasi Permintaan Layanan',NULL,112,NULL,2,NULL),(133,'Verifikasi Permintaan Layanan',NULL,112,NULL,3,NULL),(134,'Cek Aplikasi',NULL,112,1,4,NULL),(135,'Cek Keamanan',NULL,112,2,5,NULL),(136,'Permintaan Masuk',NULL,113,NULL,1,NULL),(137,'Validasi Permintaan Layanan',NULL,113,NULL,2,NULL),(138,'Verifikasi Permintaan Layanan',NULL,113,NULL,3,NULL),(139,'Pembuatan Akun Email dan Drive Jabarprov',NULL,113,13,4,NULL),(140,'Permintaan Masuk',NULL,114,NULL,1,NULL),(141,'Validasi Permintaan Layanan',NULL,114,NULL,2,NULL),(142,'Verifikasi Permintaan Layanan',NULL,114,NULL,3,NULL),(143,'Pembuatan Akun Email dan Drive Jabarprov',NULL,114,13,4,NULL),(144,'Permintaan Masuk',NULL,115,NULL,1,NULL),(145,'Validasi Permintaan Layanan',NULL,115,NULL,2,NULL),(146,'Verifikasi Permintaan Layanan',NULL,115,NULL,3,NULL),(147,'Pembuatan Akun Email dan Drive Jabarprov',NULL,115,13,4,NULL),(148,'Permintaan Masuk',NULL,116,NULL,1,NULL),(149,'Validasi Permintaan Layanan',NULL,116,NULL,2,NULL),(150,'Verifikasi Permintaan Layanan',NULL,116,NULL,3,NULL),(151,'Pembuatan Akun Email dan Drive Jabarprov',NULL,116,13,4,NULL),(152,'Permintaan Masuk',NULL,117,NULL,1,NULL),(153,'Validasi Permintaan Layanan',NULL,117,NULL,2,NULL),(154,'Verifikasi Permintaan Layanan',NULL,117,NULL,3,NULL),(155,'Pendaftaran Aplikasi',NULL,117,18,4,NULL),(156,'Setor Kode Sumber (Repository)',NULL,117,15,5,NULL),(157,'Stagging Server',NULL,117,17,6,NULL),(158,'Pentest',NULL,117,16,7,NULL),(159,'Pembuatan Surat Penerbitan Status Operasional',NULL,117,18,8,NULL),(160,'Go Live',NULL,117,17,9,NULL),(161,'Permintaan Masuk',NULL,118,NULL,1,NULL),(162,'Validasi Permintaan Layanan',NULL,118,NULL,2,NULL),(163,'Verifikasi Permintaan Layanan',NULL,118,NULL,3,NULL),(164,'Pembuatan Akun Email dan Drive Jabarprov',NULL,118,19,4,NULL),(165,'Permintaan Masuk',NULL,119,NULL,1,NULL),(166,'Validasi Permintaan Layanan',NULL,119,NULL,2,NULL),(167,'Verifikasi Permintaan Layanan',NULL,119,NULL,3,NULL),(168,'Entah Ini pastinya Flow 4',NULL,119,1,4,NULL),(169,'Cek ke step 5',NULL,119,4,5,NULL),(170,'Pemberian Hasil dan BA',NULL,119,NULL,6,NULL),(171,'User membalas BA dan Survei',NULL,119,NULL,7,NULL),(172,'Penutupan Permintaan Layanan',NULL,119,NULL,8,NULL),(173,'Selesai',NULL,119,NULL,9,NULL),(174,'Permintaan Masuk',NULL,120,NULL,1,NULL),(175,'Validasi Permintaan Layanan',NULL,120,NULL,2,NULL),(176,'Cek 3',NULL,120,NULL,3,NULL),(177,'cek 4',NULL,120,4,4,NULL),(178,'Pemberian Hasil dan BA',NULL,120,NULL,5,NULL),(179,'User membalas BA dan Survei',NULL,120,NULL,6,NULL),(180,'Penutupan Permintaan Layanan',NULL,120,NULL,7,NULL),(181,'Tiket Permintaan Ditutup',NULL,120,NULL,8,NULL),(182,'Permintaan Masuk',NULL,121,NULL,1,NULL),(183,'Validasi Permintaan Layanan',NULL,121,NULL,2,NULL),(184,'Pembuatan Email dan Password untuk Pengguna',NULL,121,NULL,3,NULL),(185,'Pemberian Hasil dan BA',NULL,121,NULL,4,NULL),(186,'User membalas BA dan Survei',NULL,121,NULL,5,NULL),(187,'Penutupan Permintaan Layanan',NULL,121,NULL,6,NULL),(188,'Tiket Permintaan Ditutup',NULL,121,NULL,7,NULL),(189,'Permintaan Masuk',NULL,122,NULL,1,NULL),(190,'Validasi Permintaan Layanan',NULL,122,NULL,2,NULL),(191,'Pembuatan Username dan Password Repository',NULL,122,NULL,3,NULL),(192,'Pemberian Hasil dan BA',NULL,122,NULL,4,NULL),(193,'User membalas BA dan Survei',NULL,122,NULL,5,NULL),(194,'Penutupan Permintaan Layanan',NULL,122,NULL,6,NULL),(195,'Tiket Permintaan Ditutup',NULL,122,NULL,7,NULL),(196,'Permintaan Masuk',NULL,123,NULL,1,NULL),(197,'Validasi Permintaan Layanan',NULL,123,NULL,2,NULL),(198,'sdad',NULL,123,NULL,3,NULL),(199,'Pemberian Hasil dan BA',NULL,123,NULL,4,NULL),(200,'User membalas BA dan Survei',NULL,123,NULL,5,NULL),(201,'Penutupan Permintaan Layanan',NULL,123,NULL,6,NULL),(202,'Tiket Permintaan Ditutup',NULL,123,NULL,7,NULL),(203,'Permintaan Masuk',NULL,124,NULL,1,NULL),(204,'Validasi Permintaan Layanan',NULL,124,NULL,2,NULL),(205,'Pembuatan Username dan Password Repository',NULL,124,NULL,3,NULL),(206,'Pemberian Hasil dan BA',NULL,124,NULL,4,NULL),(207,'User membalas BA dan Survei',NULL,124,NULL,5,NULL),(208,'Penutupan Permintaan Layanan',NULL,124,NULL,6,NULL),(209,'Tiket Permintaan Ditutup',NULL,124,NULL,7,NULL),(210,'Permintaan Masuk',NULL,125,NULL,1,NULL),(211,'Validasi Permintaan Layanan',NULL,125,NULL,2,NULL),(212,'Verifikasi persyaratan oleh Bidang Sandikami',NULL,125,NULL,3,NULL),(213,'Pengecekkan Sistem/ Aplikasi sudah terdaftar',NULL,125,27,4,NULL),(214,'Pengujian Keamanan Sistem/ Aplikasi',NULL,125,23,5,NULL),(215,'Permintaan Masuk',NULL,126,NULL,1,NULL),(216,'Validasi Permintaan Layanan',NULL,126,NULL,2,NULL),(217,'Verifikasi persyaratan oleh Bidang Sandikami',NULL,126,NULL,3,NULL),(218,'Pengecekkan Sistem/ Aplikasi sudah terdaftar',NULL,126,27,4,NULL),(219,'Pengujian Keamanan Sistem/ Aplikasi',NULL,126,23,5,NULL),(220,'Perbaikan sistem atau aplikasi oleh owner berdasarkan hasil laporan kegiatan Pentest/ ITSA',NULL,126,27,6,NULL),(221,'Permintaan Masuk',NULL,127,NULL,1,NULL),(222,'Validasi Permintaan Layanan',NULL,127,NULL,2,NULL),(223,'Verifikasi persyaratan oleh Bidang Sandikami',NULL,127,NULL,3,NULL),(224,'Verifikasi pendaftaran aplikasi oleh Bidang Aptika',NULL,127,27,4,NULL),(225,'Pengujian Keamanan Sistem/ Aplikasi',NULL,127,23,5,NULL),(226,'Perbaikan sistem atau aplikasi oleh owner berdasarkan hasil Pentest',NULL,127,27,6,NULL),(227,'Verifikasi kesesuaian laporan perbaikan aplikasi berdasarkan laporan hasil pentest',NULL,127,27,7,NULL),(228,'Pemberian Hasil dan BA',NULL,127,NULL,8,NULL),(229,'User membalas BA dan Survei',NULL,127,NULL,9,NULL),(230,'Penutupan Permintaan Layanan',NULL,127,NULL,10,NULL),(231,'Tiket Permintaan Ditutup',NULL,127,NULL,11,NULL),(232,'Permintaan Masuk',NULL,128,NULL,1,NULL),(233,'Validasi Permintaan Layanan',NULL,128,NULL,2,NULL),(234,'Pembuatan nomor pendaftaran aplikasi',NULL,128,NULL,3,NULL),(235,'Pemberian Hasil dan BA',NULL,128,NULL,4,NULL),(236,'User membalas BA dan Survei',NULL,128,NULL,5,NULL),(237,'Penutupan Permintaan Layanan',NULL,128,NULL,6,NULL),(238,'Tiket Permintaan Ditutup',NULL,128,NULL,7,NULL),(239,'Permintaan Masuk',NULL,129,NULL,1,NULL),(240,'Validasi Permintaan Layanan',NULL,129,NULL,2,NULL),(241,'Verifikasi persyaratan oleh Bidang Egov',NULL,129,NULL,3,NULL),(242,'Verifikasi pendaftaran Aplikasi oleh Bidang Aptika',NULL,129,26,4,NULL),(243,'Pembuatan akun',NULL,129,23,5,NULL),(244,'Deploy Aplikasi oleh owner',NULL,129,26,6,NULL),(245,'Verifikasi Deploy Aplikasi oleh Bidang Egov',NULL,129,26,7,NULL),(246,'Pemberian Hasil dan BA',NULL,129,NULL,8,NULL),(247,'User membalas BA dan Survei',NULL,129,NULL,9,NULL),(248,'Penutupan Permintaan Layanan',NULL,129,NULL,10,NULL),(249,'Tiket Permintaan Ditutup',NULL,129,NULL,11,NULL),(250,'Permintaan Masuk',NULL,130,NULL,1,NULL),(251,'Validasi Permintaan Layanan',NULL,130,NULL,2,NULL),(252,'Verifikasi pendaftaran aplikasi oleh bidang Aptika',NULL,130,NULL,3,NULL),(253,'Verifikasi setor kode sumber oleh bidang Aptika',NULL,130,23,4,NULL),(254,'Verifikasi Hasil Pentest oleh Bidang Sandikami',NULL,130,24,5,NULL),(255,'Penerbitan Status Operasionalisasi Aplikasi',NULL,130,27,6,NULL),(256,'Pemberian Hasil dan BA',NULL,130,NULL,7,NULL),(257,'User membalas BA dan Survei',NULL,130,NULL,8,NULL),(258,'Penutupan Permintaan Layanan',NULL,130,NULL,9,NULL),(259,'Tiket Permintaan Ditutup',NULL,130,NULL,10,NULL),(260,'Permintaan Masuk',NULL,131,NULL,1,NULL),(261,'Validasi Permintaan Layanan',NULL,131,NULL,2,NULL),(262,'Membuat Aplikasi Live Permanen',NULL,131,NULL,3,NULL),(263,'Pemberian Hasil dan BA',NULL,131,NULL,4,NULL),(264,'User membalas BA dan Survei',NULL,131,NULL,5,NULL),(265,'Penutupan Permintaan Layanan',NULL,131,NULL,6,NULL),(266,'Tiket Permintaan Ditutup',NULL,131,NULL,7,NULL),(267,'Permintaan Masuk',NULL,132,NULL,1,NULL),(268,'Validasi Permintaan Layanan',NULL,132,NULL,2,NULL),(269,'Pendaftaran Aplikasi',NULL,132,NULL,3,NULL),(270,'Setor Kode Sumber di Repository',NULL,132,23,4,NULL),(271,'Stagging Server',NULL,132,24,5,NULL),(272,'Pentest',NULL,132,26,6,NULL),(273,'Penerbitan Status Operasionalisasi Permanen',NULL,132,27,7,NULL),(274,'Go Live',NULL,132,28,8,NULL),(275,'Pemberian Hasil dan BA',NULL,132,NULL,9,NULL),(276,'User membalas BA dan Survei',NULL,132,NULL,10,NULL),(277,'Penutupan Permintaan Layanan',NULL,132,NULL,11,NULL),(278,'Tiket Permintaan Ditutup',NULL,132,NULL,12,NULL);
/*!40000 ALTER TABLE `flow_pelayanan` ENABLE KEYS */;
UNLOCK TABLES;

--
-- Table structure for table `permissions`
--

DROP TABLE IF EXISTS `permissions`;
/*!40101 SET @saved_cs_client     = @@character_set_client */;
/*!40101 SET character_set_client = utf8 */;
CREATE TABLE `permissions` (
  `id` int(10) unsigned NOT NULL,
  `name` varchar(255) COLLATE utf8_unicode_ci NOT NULL,
  `display_name` varchar(255) COLLATE utf8_unicode_ci DEFAULT NULL,
  `description` varchar(255) COLLATE utf8_unicode_ci DEFAULT NULL,
  `created_at` timestamp NULL DEFAULT NULL,
  `updated_at` timestamp NULL DEFAULT NULL,
  PRIMARY KEY (`id`),
  UNIQUE KEY `permissions_name_unique` (`name`)
) ENGINE=InnoDB DEFAULT CHARSET=utf8 COLLATE=utf8_unicode_ci;
/*!40101 SET character_set_client = @saved_cs_client */;

--
-- Dumping data for table `permissions`
--

LOCK TABLES `permissions` WRITE;
/*!40000 ALTER TABLE `permissions` DISABLE KEYS */;
/*!40000 ALTER TABLE `permissions` ENABLE KEYS */;
UNLOCK TABLES;

--
-- Table structure for table `role_user`
--

DROP TABLE IF EXISTS `role_user`;
/*!40101 SET @saved_cs_client     = @@character_set_client */;
/*!40101 SET character_set_client = utf8 */;
CREATE TABLE `role_user` (
  `user_id` int(10) unsigned NOT NULL,
  `role_id` int(10) unsigned NOT NULL,
  PRIMARY KEY (`user_id`,`role_id`),
  KEY `role_user_role_id_foreign` (`role_id`)
) ENGINE=InnoDB DEFAULT CHARSET=utf8 COLLATE=utf8_unicode_ci;
/*!40101 SET character_set_client = @saved_cs_client */;

--
-- Dumping data for table `role_user`
--

LOCK TABLES `role_user` WRITE;
/*!40000 ALTER TABLE `role_user` DISABLE KEYS */;
INSERT INTO `role_user` VALUES (14,1),(4,2),(5,2),(8,2),(13,2),(19,2),(15,3),(16,3);
/*!40000 ALTER TABLE `role_user` ENABLE KEYS */;
UNLOCK TABLES;

--
-- Table structure for table `infra_server`
--

DROP TABLE IF EXISTS `infra_server`;
/*!40101 SET @saved_cs_client     = @@character_set_client */;
/*!40101 SET character_set_client = utf8 */;
CREATE TABLE `infra_server` (
  `id_server` int(11) NOT NULL AUTO_INCREMENT,
  `id_infrastruktur` varchar(20) DEFAULT NULL,
  `nama_perangkat` varchar(150) DEFAULT NULL,
  `model` varchar(50) NOT NULL,
  `merek` varchar(100) NOT NULL,
  `lisensi` varchar(150) DEFAULT NULL,
  `nomer_serial` varchar(70) DEFAULT NULL,
  `nomer_aset` varchar(20) DEFAULT NULL,
  `ip_manajemen` varchar(20) DEFAULT NULL,
  `no_rak` varchar(10) DEFAULT NULL,
  `status` varchar(50) NOT NULL,
  PRIMARY KEY (`id_server`)
) ENGINE=InnoDB AUTO_INCREMENT=89 DEFAULT CHARSET=latin1;
/*!40101 SET character_set_client = @saved_cs_client */;

--
-- Dumping data for table `infra_server`
--

LOCK TABLES `infra_server` WRITE;
/*!40000 ALTER TABLE `infra_server` DISABLE KEYS */;
INSERT INTO `infra_server` VALUES (1,'INF-01','aptika.jabarprov.go.id','X8DTT-HTI','Supermen','34get532','88989','99','10.0.1.99','10','Non Aktif'),(2,'INF-01','ssdh','sdhsd','sdhsd','3','3','3','236236','3','Non Aktif'),(4,NULL,'Server Cisco','G8','Delta forch','997','788','6','10.0.1.100','5','Aktif'),(8,'INF-02','Access Point 18.0','fujitsu 77.3','huawei 100','47jfjfas98a98q','87g64g64d','95','6.8.8.100','81','Aktif'),(9,'INF-03','VS-Jt03','9-BDZ','Cang Hom',NULL,NULL,NULL,'10.0.1.99',NULL,'Aktif'),(10,'INF-03','VS-Jt03','X8DTT-HT','Fujitsu 989',NULL,NULL,NULL,'10.0.1.99',NULL,'Aktif'),(11,'INF-03','VS-GFKD-09','aga','ga',NULL,NULL,NULL,'45.5.4.32',NULL,'Aktif'),(15,'INF-09','wtwtwt','wt','wtwtwt',NULL,NULL,NULL,'10.0.20.30.0',NULL,'Aktif'),(16,'INF-08','rwrwrwrwr','agg','asga',NULL,NULL,NULL,'10.0.1.99',NULL,'Aktif'),(17,'INF-07','adq1111','afa','asfaf',NULL,NULL,NULL,'10.0.1.78','1','Aktif'),(18,'INF-01','server uji coba','GH-87','canghong',NULL,NULL,NULL,'10.0.1.78','2','Non Aktif'),(19,'INF-01','server 10.3','533','Canghong','34636363463','65699099','3','10.0.1.100','5','Aktif'),(20,'INF-01','Server Percobaan','weywey','Fujitsu 989',NULL,NULL,'3','10.0.1.78','5','Aktif'),(21,'INF-04','Dell-Vostro','343','Dell',NULL,NULL,NULL,NULL,NULL,'Aktif'),(22,'INF-04','Zyrex-02','463hhh','zyrex',NULL,NULL,NULL,NULL,NULL,'1'),(33,'INF-01','RT5600','sdpl98','Juriah',NULL,NULL,NULL,'168.196.54.66','33','Aktif'),(38,'INF-01','ery353TT','wer','Fujitsu 933',NULL,NULL,NULL,'10.0.1.100',NULL,'Aktif'),(42,'INF-01','hhhhjj','kkk','kk',NULL,NULL,NULL,NULL,NULL,'Aktif'),(43,'INF-01','eryeruy36','eryery','34eryrey',NULL,NULL,NULL,NULL,NULL,'Aktif'),(44,'INF-01','sds346','ery','ey36',NULL,NULL,NULL,NULL,NULL,'Aktif'),(45,'INF-01','dfyd346','wetw','sts',NULL,NULL,NULL,NULL,NULL,'Aktif'),(46,'INF-01','utr47','ftutr44','dyr33',NULL,NULL,NULL,NULL,NULL,'Aktif'),(49,'INF-01','oko980','sdgs364','ji900',NULL,NULL,NULL,NULL,NULL,'Aktif'),(50,'INF-01','liu;57','rturtu','urtu',NULL,NULL,NULL,NULL,NULL,'Aktif'),(51,'INF-01','sdgsd2523','wet6','etew25',NULL,NULL,NULL,NULL,NULL,'Aktif'),(52,'INF-01','uytu346','ert456','5trurt',NULL,NULL,NULL,NULL,NULL,'Aktif'),(53,'INF-01','wet235','ttr77','ryrtuy47',NULL,NULL,NULL,NULL,NULL,'Aktif'),(54,'INF-01','saeyqeyj','dshd5235','sdgkj8989',NULL,NULL,NULL,NULL,NULL,'Aktif'),(56,'INF-01','erye4737','rtu477','urtu57577',NULL,NULL,NULL,NULL,NULL,'Aktif'),(57,'INF-01','asdg3262','dsg666','sdgs666',NULL,NULL,NULL,NULL,NULL,'Aktif'),(58,'INF-01','TY54TR','dfh25','Rdy25',NULL,NULL,NULL,NULL,NULL,'Aktif'),(60,'INF-01','fghdfj352','dyre226','ery252',NULL,NULL,NULL,NULL,NULL,'Aktif'),(61,'INF-01','JK094KJ','MKR421IO','Borgenian',NULL,NULL,NULL,NULL,NULL,'Aktif'),(63,'INF-01','VOK9809','25gsh','sg98HD',NULL,NULL,'sdg',NULL,NULL,'Aktif'),(64,'INF-01','ew6532','t562','wetw52',NULL,NULL,NULL,NULL,NULL,'Aktif'),(65,'INF-01','sdg62','sg56','sd66',NULL,NULL,NULL,NULL,NULL,'Aktif'),(67,'INF-01','dfhsdh2362','ag236','sdh235',NULL,NULL,NULL,NULL,NULL,'Aktif'),(68,'INF-01','sdg','sdhsh','sdgsdghsh',NULL,NULL,NULL,NULL,NULL,'Aktif'),(69,'INF-01','sdh37','sy66','duye73',NULL,NULL,NULL,NULL,NULL,'Aktif'),(70,'INF-01','sg26hs','sh26','shw54',NULL,NULL,NULL,NULL,NULL,'Aktif'),(71,'INF-01','dhd34','sh26','sh236',NULL,NULL,NULL,NULL,NULL,'Aktif'),(72,'INF-01','hsah62shg','sg26','ah26gs',NULL,NULL,NULL,NULL,NULL,'Aktif'),(75,'INF-01','asgh62gha','he555','w62',NULL,NULL,NULL,NULL,NULL,'Aktif'),(76,'INF-01','TY36hd','dhey26','hwy52',NULL,NULL,NULL,NULL,NULL,'Aktif'),(78,'INF-01','HSG25Hh','hed26he','TW52shw',NULL,NULL,NULL,NULL,NULL,'Aktif'),(79,'INF-01','asga61','ghw62','sh62',NULL,NULL,NULL,NULL,NULL,'Aktif'),(84,'INF-07','Hardwere heubeul pisan','12TT','Hitachi',NULL,NULL,NULL,'19265','8','Aktif'),(85,'INF-01','tes','tes2','tes1','dsadsa','sdaasd','sdasad','24769812479','sadasd','Aktif'),(86,'INF-01','caxdc','sdasda','asdas','sfa','asfsaf','asfa','asdad','safaf','Aktif'),(87,'INF-01','Alienware','Alienware','Alienware','393jr93','93939','9384','98.23.22.322','33','Aktif'),(88,'INF-01','Alienware','Alienware','Alienware','393jr93','93939','9384','98.23.22.322','33','Aktif');
/*!40000 ALTER TABLE `infra_server` ENABLE KEYS */;
UNLOCK TABLES;

--
-- Table structure for table `reff_urgensi`
--

DROP TABLE IF EXISTS `reff_urgensi`;
/*!40101 SET @saved_cs_client     = @@character_set_client */;
/*!40101 SET character_set_client = utf8 */;
CREATE TABLE `reff_urgensi` (
  `id_urgensi` int(11) NOT NULL,
  `def_urgensi` varchar(150) NOT NULL,
  PRIMARY KEY (`id_urgensi`)
) ENGINE=InnoDB DEFAULT CHARSET=latin1;
/*!40101 SET character_set_client = @saved_cs_client */;

--
-- Dumping data for table `reff_urgensi`
--

LOCK TABLES `reff_urgensi` WRITE;
/*!40000 ALTER TABLE `reff_urgensi` DISABLE KEYS */;
INSERT INTO `reff_urgensi` VALUES (1,'Critical'),(2,'Hight'),(3,'Medium'),(4,'Low');
/*!40000 ALTER TABLE `reff_urgensi` ENABLE KEYS */;
UNLOCK TABLES;

--
-- Table structure for table `organisasi`
--

DROP TABLE IF EXISTS `organisasi`;
/*!40101 SET @saved_cs_client     = @@character_set_client */;
/*!40101 SET character_set_client = utf8 */;
CREATE TABLE `organisasi` (
  `id_organisasi` int(11) NOT NULL,
  `induk_organisasi` varchar(100) DEFAULT NULL,
  `nama_opd` varchar(200) NOT NULL,
  `nama_pengelola` varchar(200) DEFAULT NULL,
  `no_hp_pengelola` varchar(13) DEFAULT NULL,
  `email` varchar(70) DEFAULT NULL,
  `status` varchar(12) DEFAULT 'aktif',
  PRIMARY KEY (`id_organisasi`)
) ENGINE=InnoDB DEFAULT CHARSET=latin1;
/*!40101 SET character_set_client = @saved_cs_client */;

--
-- Dumping data for table `organisasi`
--

LOCK TABLES `organisasi` WRITE;
/*!40000 ALTER TABLE `organisasi` DISABLE KEYS */;
INSERT INTO `organisasi` VALUES (281,'Pemerintah Provinsi Jawa Barat','Rumah Sakit Umum Daerah Al Ihsan','Abdul Manaf',NULL,'abdoel.manaf87@gmail.com','Aktif'),(282,'Pemerintah Provinsi Jawa Barat','Dinas Tenaga Kerja dan Transmigrasi','Ade Suanda',NULL,'peren.program@gmail.com','Aktif'),(283,'Pemerintah Provinsi Jawa Barat','Dinas Sumber Daya Air','Adi PrimadikaDiaz',NULL,'primadika79@gmail.com','Aktif'),(285,'Pemerintah Provinsi Jawa Barat','Badan Perencanaan Pembangunan Daerah','Agen Bappeda','085795578072',NULL,'Aktif'),(286,'Sekretariat Daerah','Biro Hukum dan Hak Asasi Manusia','Agen Biro Hukum',NULL,NULL,'Aktif'),(287,'Sekretariat Daerah','Biro Organisasi','Agen Biro Organisasi',NULL,NULL,'Aktif'),(288,NULL,'Biro Pemerintahan dan Kerjasama','Agen Biro PEMKSM','081394181993','biropemksm@gmail.com','Aktif'),(289,'Pemerintah Provinsi Jawa Barat','Badan Kepegawaian Daerah','Agen BKD',NULL,NULL,'Aktif'),(290,'Pemerintah Provinsi Jawa Barat','Badan Pengembangan Sumber Daya Manusia','Agen BPSDM',NULL,NULL,'Aktif'),(291,'Pemerintah Provinsi Jawa Barat','Dinas Pendidikan','Agen Dinas Pendidikan',NULL,NULL,'Aktif'),(292,NULL,'Dinas Kependudukan dan Pencatatan Sipil','Agen Disdukcapil','085861118669','imam.firmansyah234@gmail.com','Aktif'),(296,'Pemerintah Provinsi Jawa Barat','Sekretaris Dewan Perwakilan Rakyat Daerah','Agen DPRD',NULL,NULL,'Aktif'),(297,'Pemerintah Provinsi Jawa Barat','Dharma Wanita','Agen DWP',NULL,NULL,'Aktif'),(298,'Pemerintah Provinsi Jawa Barat','Badan Kesatuan Bangsa dan Politik','Agen Kesbang',NULL,NULL,'Aktif'),(299,'Pemerintah Provinsi Jawa Barat','Rumah Sakit Jiwa Cisarua','Agen RSJ',NULL,NULL,'Aktif'),(300,'Pemerintah Provinsi Jawa Barat','Satuan Polisi Pamong Praja','Agen Satpol PP',NULL,NULL,'Aktif'),(302,'Pemerintah Provinsi Jawa Barat','Sekretariat Daerah','Agen Sekda',NULL,NULL,'Aktif'),(305,'Pemerintah Provinsi Jawa Barat','Dinas Ketahanan Pangan dan Peternakan','Aldi DKPP','08562159551',NULL,'Aktif'),(306,'Pemerintah Provinsi Jawa Barat','Rumah Sakit Paru Cirebon','Alek Iskandar',NULL,'a.iskandar.za@gmail.com','Aktif'),(307,'Pemerintah Provinsi Jawa Barat','Dinas Tanaman Pangan dan Holtikultura','Andhika Syahputra',NULL,'dhika1416@gmail.com','Aktif'),(309,'Dinas Sosial','Dinas Sosial','Yudhi Rosyali','085659089777','yudhirosyali@gmail.com','Aktif'),(310,'Pemerintah Provinsi Jawa Barat','Badan Pendapatan Daerah','Arthi Adhiarti','085314320371','arthiadewi@gmail.com','Aktif'),(311,'Pemerintah Provinsi Jawa Barat','Dinas Perhubungan','Asep Tantan','081222074868','dishubjabar.kepegum@gmail.com','Aktif'),(314,'Pemerintah Provinsi Jawa Barat','Badan Penganggulangan Bencana Daerah','Badan Penganggulangan Bencana Daerah',NULL,NULL,'Aktif'),(316,'Pemerintah Provinsi Jawa Barat','Badan Penghubung','Badan Penghubung',NULL,NULL,'Aktif'),(317,'Pemerintah Provinsi Jawa Barat','Balai Pengawasan Mutu dan Keamanan Pangan','Balai Pengawasan Mutu dan Keamanan Pangan',NULL,NULL,'Aktif'),(319,'Sekretariat Daerah','Biro Hubungan Masyarakat dan Protokol ','Biro Humas',NULL,NULL,'Aktif'),(320,'Pemerintah Provinsi Jawa Barat','Biro Badan Usaha Milik Daerah dan Investasi','Biro Investasi dan BUMD',NULL,NULL,'Aktif'),(322,'Sekretariat Daerah','Biro Pelayanan dan Pengembangan Sosial','Biro Pelayanan dan Pengembangan Sosial',NULL,NULL,'Aktif'),(324,'Sekretariat Daerah','Biro Umum','Biro Umum',NULL,NULL,'Aktif'),(326,'Pemerintah Provinsi Jawa Barat','Dinas Perpustakaan dan Kearsipan Daerah','Dadan Munadjat','085871446052','dadan.munadjat@gmail.com','Aktif'),(328,'Pemerintah Provinsi Jawa Barat','Dinas Pariwisata dan Kebudayaan','Dante',NULL,NULL,'Aktif'),(333,'Pemerintah Provinsi Jawa Barat','Dinas Bina Marga dan Penataan Ruang','Dinas Bina Marga dan Penataan Ruang',NULL,NULL,'Aktif'),(334,'Pemerintah Provinsi Jawa Barat','Dinas Energi dan Sumber daya Mineral','Dinas Energi dan Sumber daya Mineral',NULL,NULL,'Aktif'),(335,'Pemerintah Provinsi Jawa Barat','Cabang Dinas Kehutanan wilayah I','Dinas Kehutanan Kab. Bogor',NULL,NULL,'Aktif'),(336,'Pemerintah Provinsi Jawa Barat','Cabang Dinas Kehutanan Wilayah VII','Dinas Kehutanan Kab. Ciamis',NULL,NULL,'Aktif'),(337,'Pemerintah Provinsi Jawa Barat','Cabang Dinas Kehutanan Wilaya h IV','Dinas Kehutanan Kab. Cianjur',NULL,NULL,'Aktif'),(338,'Pemerintah Provinsi Jawa Barat','Cabang Dinas Kehutanan Wilayah V','Dinas Kehutanan Kab. Garut',NULL,NULL,'Aktif'),(339,'Pemerintah Provinsi Jawa Barat','Cabang Dinas Kehutanan Wilayah II','Dinas Kehutanan Kab. Purwakarta',NULL,NULL,'Aktif'),(340,'Pemerintah Provinsi Jawa Barat','Cabang Dinas Kehutanan Wilayah VI','Dinas K ehutan an Kab. Tasikmalaya',NULL,NULL,'Aktif'),(341,'Pemerintah Provinsi Jawa Barat','Cabang Dinas Kehutanan Wilayah III','Dinas K ehutan an Kota Sukabumi',NULL,NULL,'Aktif'),(343,'Pemerintah Provinsi Jawa Barat','Dinas Koperasi dan Usaha Kecil','Dinas Koperasi dan Usaha Kecil',NULL,NULL,'Aktif'),(344,'Pemerintah Provinsi Jawa Barat','Dinas Lingkungan Hidup','Dinas Lingkungan Hidup',NULL,NULL,'Aktif'),(345,'Pemerintah Provinsi Jawa Barat','Dinas Olahraga dan Pemuda','Dinas Olahraga dan Pemuda',NULL,NULL,'Aktif'),(346,'Pemerintah Provinsi Jawa Barat','Dinas Pemberdayaan Perempuan Perlindungan Anak dan Keluarga Berencana','Dinas Pemberdayaan Perempuan Perlindungan Anak dan Keluarga Berencana',NULL,NULL,'Aktif'),(348,'Pemerintah Provinsi Jawa Barat','Dinas Perkebunan','Dinas Perkebunan',NULL,NULL,'Aktif'),(349,'Pemerintah Provinsi Jawa Barat','Dinas Perumahan dan Pemukiman','Dinas Perumahan dan Pemukiman',NULL,NULL,'Aktif'),(355,'Pemerintah Provinsi Jawa Barat','Bidang e-Government','Eri Garna Santika\n, A.Md',NULL,'erigarna@gmail.com','Aktif'),(356,'Pemerintah Provinsi Jawa Barat','Inspektorat','Fajar Lazuardi',NULL,'fajarlazu@gmail.com','Aktif'),(357,'Pemerintah Provinsi Jawa Barat','Badan Koordinasi Pemerintahan dan Pembangunan Wilayah I','Fery kurnia',NULL,'ferykurnia1973@gmail.com','Aktif'),(359,'Pemerintah Provinsi Jawa Barat','Badan Perencanaan Pembangunan Daerah','hamdan zaenal akbar','085795578073','hamdanzaenal@gmail.com','Aktif'),(360,'Dinas Kehutanan','Dinas Kehutanan','Atep Nawawi','081802130452','atepnawawi@gmail.com','Aktif'),(363,'Pemerintah Provinsi Jawa Barat','Dinas Pemberdayaan Masyarakat dan Desa','Indra Hendian a',NULL,'hendianaindra@gmail.com','Aktif'),(364,'Pemerintah Provinsi Jawa Barat','Bidang Statistik','Irwan Hadi, ST',NULL,NULL,'Aktif'),(365,'Pemerintah Provinsi Jawa Barat','Sekretariat','Ivan November ia, S.Si., M.T.',NULL,'ivan.novemberia@gmail.com','Aktif'),(366,'Pemerintah Provinsi Jawa Barat','Badan Penelitian dan Pengembangan Daerah','jabar BP2D','081297824944','monev.bp2d.jabar@gmail.com','Aktif'),(367,'Pemerintah Provinsi Jawa Barat','Dinas Perindustrian dan Perdagangan','jajang junaedi',NULL,'jajangjunaedi@gmail.com','Aktif'),(369,'Pemerintah Provinsi Jawa Barat','Badan Pengelolaan Keuangan dan Aset Daerah','M Tiar',NULL,NULL,'Aktif'),(373,'Pemerintah Provinsi Jawa Barat','Dinas Kelautan dan Perikanan','Muiassir Bachtiar','082218908873','web.diskanlut@gmail.com','Aktif'),(374,'Bidang Aptika','Bidang Aptika','Indra Hardiyanuari P, A.Md.Kom',NULL,'indra.h@jabarprov.go.id','Aktif'),(375,'Pemerintah Provinsi Jawa Barat','Biro Pengadaan Barang\n/ Jasa','Nendy Chandra','085720160679','Nendychandra95@gmail.com','Aktif'),(380,'Pemerintah Provinsi Jawa Barat','Dinas Penanaman Modal dan Pelayanan Terpadu Satu Pintu','Pamudi Budi Suharsono',NULL,NULL,'Aktif'),(381,'Pemerintah Provinsi Jawa Barat','Rumah Sakit Umum Daerah Jampang Kulon','Radi Ginanjar','085723028647','rdi.ginanjar22@gmail.com','Aktif'),(382,'Pemerintah Provinsi Jawa Barat','Bidang IKP','Rahmat H.\nTasdiq, ST',NULL,'rahmat_tasdiq@yahoo.com','Aktif'),(383,'Dinas Kesehatan','Dinas Kesehatan','Fajar Budiman','087700076020','budimanfajar23@gmail.com','Aktif'),(384,'Pemerintah Provinsi Jawa Barat','Rumah Sakit Hewan','Rumah Sakit Hewan',NULL,NULL,'Aktif'),(385,'Pemerintah Provinsi Jawa Barat','Dinas Komunikasi dan Informatika','syaiful muflih','082240074905','syaiful.muflih95@gmail.com','Aktif'),(389,'Pemerintah Provinsi Jawa Barat','UPTD Balai Benih Padi dan Palawija','UPTD\nBalai Benih Padi dan Palawij a',NULL,NULL,'Aktif'),(390,'Pemerintah Provinsi Jawa Barat','UPTD Balai Pengawasan dan Sertifikasi Benih Tanaman Pangan Holtikultura','UPTD Balai Pengawasan dan Sertifikasi Benih Tanaman Pangan Holtikultura',NULL,NULL,'Aktif'),(391,'Pemerintah Provinsi Jawa Barat','UPTD Balai Pengembangan Benin Holtikulturan dan Aneka Tanaman','UPTD Balai Pengembangan Benin Holtikulturan dan Aneka Tanaman',NULL,NULL,'Aktif'),(392,'Pemerintah Provinsi Jawa Barat','UPTD Balai Pengembangan Benih Kentang','UPTD Balai Pengembangan Benih Kentang',NULL,NULL,'Aktif'),(393,'Pemerintah Provinsi Jawa Barat','UPTD Panti Rehabilitasi Sosial Karya wanita','UPTD Panti Rehabilitasi Sosial Karya wanita',NULL,NULL,'Aktif'),(395,'Pemerintah Provinsi Jawa Barat','UPTD Panti Sosial Rehabilitasi Lanjut Usia dan Pemeliharaan Makam Pahlawan','UPTD Panti Sosial Rehabilitasi Lanjut Usia dan Pemeliharaan Makam Pahlawan',NULL,NULL,'Aktif'),(396,'Pemerintah Provinsi Jawa Barat','UPTD Panti Sosial Rehabilitasi Penyandang Disabilitas Mental, Sensorik Netra, Rungu, Wicaram Tubuh','UPTD Panti Sosial Rehabilitasi Penyandang Disabilitas Mental, Sensorik Netra, Rungu, Wicaram Tubuh',NULL,NULL,'Aktif'),(397,'Pemerintah Provinsi Jawa Barat','UPTD Pelabuhan Perikanan Cilauteureun','UPTD Pelabuhan Perikanan Cilauteureun',NULL,NULL,'Aktif'),(398,'Pemerintah Provinsi Jawa Barat','UPTD Pelabuhan Perikanan Muara Ciasem','UPTD Pelabuhan Perikanan Muara Ciasem',NULL,NULL,'Aktif'),(399,'Pemerintah Provinsi Jawa Barat','UPTD Pengawasan Ketenagakerjaan Wil. III\nCirebon','UPTD Pengawasan Ketenagakerjaan Wil. III\nCirebon',NULL,NULL,'Aktif'),(400,'Pemerintah Provinsi Jawa Barat','Bidang Persandian dan Keamanan Informasi','Waseso Wibisono, S.Kom.',NULL,'1stwibi@gmail.com','Aktif'),(401,'Pemerintah Provinsi Jawa Barat','UPTD Panti Sosial Rehabilitasi Anak Membutuhkan Perlindungan Khusus','Wawan Hermawan Ramadhan','081320238791','whramdhan84@gmail.com','Aktif'),(405,'Sekretariat Daerah','Biro Perekonomian Sekretariat ','Agen Biro ',NULL,NULL,'Aktif'),(406,'Pemerintah Provinsi Jawa Barat','Rumah Sakit Daerah Pameungpeuk',NULL,NULL,NULL,'Aktif'),(407,'Pemerintah Provinsi Jawa Barat','Cabang Dinas Pendidikan wilayah I',NULL,NULL,NULL,'Aktif'),(408,'Pemerintah Provinsi Jawa Barat','Cabang Dinas Pendidikan wilayah II',NULL,NULL,NULL,'Aktif'),(409,'Pemerintah Provinsi Jawa Barat','Cabang Dinas Pendidikan wilayah III',NULL,NULL,NULL,'Aktif'),(410,'Pemerintah Provinsi Jawa Barat','Cabang Dinas Pendidikan wilayah IV',NULL,NULL,NULL,'Aktif'),(411,'Pemerintah Provinsi Jawa Barat','Cabang Dinas Pendidikan wilayah V',NULL,NULL,NULL,'Aktif'),(412,'Pemerintah Provinsi Jawa Barat','Cabang Dinas Pendidikan wilayah XI',NULL,NULL,NULL,'Aktif'),(413,'Pemerintah Provinsi Jawa Barat','UPTD Pengelolaan Sampah TPA/TPST Jabar','Agen',NULL,NULL,NULL),(414,'Pemerintah Provinsi Jawa Barat','UPTD Laboratorium Bahan Konstruksi','Agen',NULL,NULL,NULL),(415,'Dinas Energi dan Sumber Daya Mineral','Cabang Dinas Energi dan Sumber Daya Mineral Wilayah II Bogor',NULL,NULL,NULL,'Aktif'),(416,'Pemerintah Provinsi Jawa Barat','UPTD Pengelolaan dan Pelayanan Perumahan','Agen',NULL,NULL,NULL),(417,'Pemerintah Provinsi Jawa Barat','UPTD Prasarana Perhubungan Lalu Lintas Angkutan Jalan Wilayah I ','Agen',NULL,NULL,NULL),(418,'Pemerintah Provinsi Jawa Barat','UPTD Pengelolaan Sumber Daya Air Wilayah Sungai Cisadea-Cibareno','Agen',NULL,NULL,NULL),(419,'Pemerintah Provinsi Jawa Barat','UPTD Pengawasan Ketenagakerjaan Wil. IV Bandung','agen uptd',NULL,NULL,'Aktif'),(420,'Pemerintah Provinsi Jawa Barat','UPTD Balai Pengawasan dan Sertifikasi Benih Perkebunan ','agen uptd',NULL,NULL,NULL),(421,'Dinas Komunikasi dan Informatika','Pusat Layanan Digital','Agen PLD',NULL,'asdfg.hh@gmail.com','Aktif'),(422,'Bidang Persandian dan Keamanan Informasi','Dinas Komunikasi dan Informatika Provinsi Jawa Barat','kangmul','082121470881','moel@jabarprov.go.id','Aktif'),(424,NULL,'Dinas Perumahan dan Permukiman','Agen Disperkim',NULL,'ppdiskimrum@yahoo.com','Aktif'),(425,NULL,'Balai Kesehatan Hewan dan Kesehatan Masyarakat Veteriner','Agen Balai Kesehatan',NULL,'balaisehat@gmail.com','Aktif'),(426,NULL,'Balai Pengawasan Mutu dan Keamanan Pangan','Agen Balai pengawas',NULL,'a@f.f','Aktif'),(427,NULL,'Balai Pengembangan Perbibitan Ternak Domba dan Kambing Margawati','Agen 3',NULL,'t@fg.c','Aktif'),(428,NULL,'Balai Pengembangan Perbibitan Ternak Unggas Jatiwangi','agen jati',NULL,'g@g.c','Aktif'),(429,NULL,'Balai Pengujian Mutu dan Keamanan','Agen Balai uji',NULL,'asg@g.g','Aktif'),(430,NULL,'Balai Perbibitan dan Pengembangan Inseminasi Buatan Ternak Sapi Perah Bunikasih','Agen 2',NULL,'E@g.d','Aktif'),(431,NULL,'Balai Perbibitan dan Pengembangan Inseminasi Buatan Ternak Sapi Potong Ciamis','Agen 5',NULL,'g@f.g','Aktif'),(432,NULL,'Balai Teknologi Informasi dan Komunikasi Pendidikan','Agen6',NULL,'sh@h.f','Aktif'),(433,NULL,'Cabang Dinas Energi dan Sumber Daya Mineral Wilayah IV Bandung','agen7',NULL,'sh@g.f','Aktif'),(434,NULL,'Cabang Dinas Energi dan Sumber Daya Mineral Wilayah V Sumedang','agen 8',NULL,'sg@g.g','Aktif'),(435,NULL,'Cabang Dinas Energi dan Sumber Daya Mineral Wilayah VII Cirebon','agen 9',NULL,'sdg@hd.d','Aktif'),(437,NULL,'Cabang Dinas Kehutanan Wilayah IV','agen 55',NULL,'gs@gm.c','Aktif'),(438,NULL,'Cabang Dinas Kehutanan Wilayah IX','Agen dishut IX',NULL,'ga@gmail.com','Aktif'),(439,NULL,'Cabang Dinas Kehutanan Wilayah VI','Angen',NULL,'sgd@gmail.com','Aktif'),(440,NULL,'Cabang Dinas Kehutanan Wilayah VIII','Agen',NULL,'sg@gmail.com','Aktif'),(441,NULL,'Cabang Dinas Kelautan dan Perikanan Wilayah Selatan','Agen22',NULL,'sgh@b.d','Aktif'),(442,NULL,'Cabang Dinas Kelautan dan Perikanan Wilayah Utara','Agen',NULL,'sh@hh.f','Aktif'),(443,NULL,'Cabang Dinas Pendidikan Wilayah II','Agen53',NULL,'gs@gm.v','Aktif'),(444,NULL,'Cabang Dinas Pendidikan Wilayah IX','Agen 920',NULL,'sg@h.f','Aktif'),(445,NULL,'Cabang Dinas Pendidikan Wilayah VII','Agen 48',NULL,'sag@g','Aktif'),(446,NULL,'Cabang Dinas Pendidikan Wilayah VIII','Agen 255',NULL,'sg@gmail.com','Aktif'),(447,NULL,'Cabang Dinas Pendidikan Wilayah X','aGEN 23',NULL,'gaga@gmal.c','Aktif'),(448,NULL,'Rumah Sakit Umum Daerah Kesehatan Kerja','Agen',NULL,'gs@gmail.com','Aktif'),(449,NULL,'UPTD Balai Benih Hortikultura','Agen 352',NULL,'g@h.f','Aktif'),(450,NULL,'UPTD Balai Benih Kentang','Agen',NULL,'ag@l.d','Aktif'),(451,NULL,'UPTD Balai Benih Padi dan Palawija','Agen55',NULL,'sgh@g.g','Aktif'),(452,NULL,'UPTD Balai Latihan Kerja Kompetensi','Agen 24',NULL,'agg@h.f','Aktif'),(453,NULL,'UPTD Balai Latihan Kerja Mandiri','Agen 24',NULL,'24@g.a','Aktif'),(454,NULL,'UPTD Balai Latihan Kerja Pekerja Migran Indonesia','Agen 35',NULL,'35@gmail.com','Aktif'),(455,NULL,'UPTD Balai Pengawasan dan Sertifikasi Benih Perkebunan','Agen 255',NULL,'255@gmail.com','Aktif'),(456,NULL,'UPTD Balai Pengawasan dan Sertifikasi Benih Tanaman Pangan dan Hortikultura','Agen 244',NULL,'244@gmail.com','Aktif'),(457,NULL,'UPTD Balai Pengembangan dan Produksi Benih Perkebunan','Agen 2142',NULL,'214@gmail.com','Aktif'),(458,NULL,'UPTD Balai Pengujian dan Sertifikasi Mutu Barang Agro Bandung','Agen 553',NULL,'553@gmail.com','Aktif'),(459,NULL,'UPTD Balai Pengujian dan Sertifikasi Mutu Barang Air Minum dalam Kemasan Cirebon','Agen 262',NULL,'262@gmail.com','Aktif'),(460,NULL,'UPTD Balai Pengujian dan Sertifikasi Mutu Barang Keramik dan Tabung Gas Bogor','Agen 232',NULL,'232@gmail.com','Aktif'),(461,NULL,'UPTD Balai Pengujian dan Sertifikasi Mutu Barang Logam dan Elektronika Karawang','Agen 535',NULL,'353@gmail.com','Aktif'),(462,NULL,'UPTD Balai Perlindungan Perkebunan','Agen 243',NULL,'243@g.g','Aktif'),(463,NULL,'UPTD Balai Perlindungan Tanaman Pangan dan Hortikultura','agen 221',NULL,'223@gmail.com','Aktif'),(464,NULL,'UPTD Industri Logam','Agen 767',NULL,'767@gmai.com','Aktif'),(465,NULL,'UPTD Industri Pangan, Olahan dan Kemasan','Agen 987',NULL,'987@gmail.com','Aktif'),(466,NULL,'UPTD Laboratorium Energi dan Sumber Daya Mineral','Agen 993',NULL,'993@gmail.com','Aktif'),(467,NULL,'UPTD Laboratorium Lingkungan Hidup','Agen 2211',NULL,'2121@gmail.com','Aktif'),(468,NULL,'UPTD Panti Pemberdayaan Sosial Bina Remaja','Agen 111',NULL,'11@gmail.com','Aktif'),(469,NULL,'UPTD Panti Sosial Rehabilitasi Anak Berhadapan dengan Hukum','Agen 222',NULL,'222@gmail.com','Aktif'),(470,NULL,'UPTD Panti Sosial Rehabilitasi Anak Membutuhkan Perlindungan Khusus','Agen 909',NULL,'909@gmail.com','Aktif'),(471,NULL,'UPTD Panti Sosial Rehabilitasi Lanjut Usia dan Pemeliharaan Makam Pahlawan','Agen 88',NULL,'88@gmail.com','Aktif'),(472,NULL,'UPTD Panti Sosial Rehabilitasi Penyandang Disabilitas Mental, Sensorik Netra, Rungu Wicara, Tubuh','Agen',NULL,'agen@gmail.com','Aktif'),(473,NULL,'UPTD Panti Sosial Rehabilitasi Tuna Sosial Kelas A','Agen',NULL,'agen@gm.g','Aktif'),(474,NULL,'UPTD Pelatihan Kesehatan','Agen',NULL,'aag@gs.d','Aktif'),(475,NULL,'UPTD Pelayanan Jasa Kebandarudaraan Nusawiru','Agen',NULL,'agen@gmail.com','Aktif'),(476,NULL,'UPTD Pelayanan Pengolahan Hasil Hutan','Agen 21254',NULL,'25@gmail.com','Aktif'),(477,NULL,'UPTD Pengawasan Ketenagakerjaan Wilayah I Bogor','Agen',NULL,'agen@gmail.com','Aktif'),(478,NULL,'UPTD Pengawasan Ketenagakerjaan Wilayah II Bekasi dan Karawang','Agen',NULL,'agen@g.g','Aktif'),(479,NULL,'UPTD Pengawasan Ketenagakerjaan Wilayah III Cirebon','Agen',NULL,'agen@g.g','Aktif'),(480,NULL,'UPTD Pengawasan Sumber Daya Kelautan dan Perikanan Wilayah Utara','Abang',NULL,'abang@g.f','Aktif'),(481,NULL,'UPTD Pengelolaan Jalan dan Jembatan Wilayah Pelayanan I','Babang',NULL,'babang@g.g','Aktif'),(482,NULL,'UPTD Pengelolaan Jalan dan Jembatan Wilayah Pelayanan II','Agam',NULL,'agam@gmail.com','Aktif'),(483,NULL,'UPTD Pengelolaan Jalan dan Jembatan Wilayah Pelayanan III','Agam 21',NULL,'agam21@gmail.com','Aktif'),(484,NULL,'UPTD Pengelolaan Jalan dan Jembatan Wilayah Pelayanan IV','agem',NULL,'agem@gmail.com','Aktif'),(485,NULL,'UPTD Pengelolaan Jalan dan Jembatan Wilayah Pelayanan VI','yo2',NULL,'yo2@gmail.com','Aktif'),(486,NULL,'UPTD Pengelolaan Prasarana Perhubungan Lalu Lintas Angkutan Jalan Wilayah II','Kel',NULL,'kel@gmail.com','Aktif'),(487,NULL,'UPTD Pengelolaan Prasarana Perhubungan Lalu Lintas Angkutan Jalan Wilayah IV','kurawa',NULL,'kurawa@gmail.com','Aktif'),(488,NULL,'UPTD Pengelolaan Prasarana Perhubungan Lalu Lintas Angkutan Jalan Wilayah I','Ak',NULL,'ak@gmail.com','Aktif'),(489,NULL,'UPTD Pengelolaan Prasarana Perhubungan Lalu Lintas Angkutan Jalan Wilayah III','Atau',NULL,'atau@gmail.com','Aktif'),(490,NULL,'UPTD Pengelolaan Prasarana Perhubungan Pelabuhan Laut','Atat',NULL,'atat@gmail.com','Aktif'),(491,NULL,'UPTD Pengelolaan Sumber Daya Air Wilayah Sungai Ciliwung-Cisadane','asa',NULL,'asalam@gmail.com','Aktif'),(492,NULL,'UPTD Pengelolaan Sumber Daya Air Wilayah Sungai Cimanuk-Cisanggarung','Agak',NULL,'agak@gmail.com','Aktif'),(493,NULL,'UPTD Pengelolaan Sumber Daya Air Wilayah Sungai Citanduy','Citanduy',NULL,'citanduy@gmail.com','Aktif'),(494,NULL,'UPTD Pengelolaan Sumber Daya Air Wilayah Sungai Citarum','Citarum Harum',NULL,'citarum@gmail.com','Aktif'),(495,NULL,'UPTD Pengembangan dan Pelatihan Kesejahteraan Sosial','Agamis',NULL,'agamis@gmail.com','Aktif'),(496,NULL,'UPTD Pengujian dan Penerapan Mutu Produk Perikanan','perikanan',NULL,'perikanan@gmail.com','Aktif'),(497,NULL,'UPTD Perikanan Air Payau dan Laut Wilayah Selatan','balakadut',NULL,'balakadut@gmai.com','Aktif'),(498,NULL,'UPTD Perikanan Air Payau dan Laut Wilayah Utara','Sleding',NULL,'sleding@gmail.com','Aktif'),(499,NULL,'UPTD Sertifikasi dan Perbenihan Tanaman Hutan','Sing lalulus',NULL,'lalulus@gmail.com','Aktif'),(500,NULL,'UPTD Taman Hutan Raya Ir. H. Djuanda','tmaanhutan',NULL,'tamanhutan@gmail.com','Aktif'),(501,'Dinas Komunikasi dan Informatika','Bidang Kepegawaian dan Umum','Yaya sudia',NULL,NULL,'aktif'),(502,NULL,'Dewan Perwakilan Rakyat Daerah Jawa Barat',NULL,NULL,'dprd@jabarprov.go.id','Aktif'),(503,NULL,'Dinas Komunikasi dan Informatika Kabupaten Majalengka',NULL,NULL,'sssssssssss@gmail.com','Aktif'),(504,'Dinas Komunikasi dan Informatika Provinsi Jawa Barat','Dinas Komunikasi dan Informatika Kota Banjar','Agen Diskom Banjar',NULL,'diskombanjar@gmail.com','Aktif'),(505,'Dinas Komunikasi dan Informatika Provinsi Jawa Barat','Dinas Komunikasi dan Informatika Kabupaten Purwakarta','Agen Diskom Purwakarta',NULL,'diskompurwakarta@gmail.com','Aktif'),(506,'Dinas Komunikasi dan Informatika Provinsi Jawa Barat','Dinas Komunikasi dan Informatika Kabupaten Karawang','Agen Diskom Karawang',NULL,'diskomkarawang@gmail.com','Aktif'),(507,'Dinas Komunikasi dan Informatika Provinsi Jawa Barat','Dinas Komunikasi dan Informatika Kabupaten Bogor','Agen Bogor',NULL,'dinaskomunikasidaninformasibogor@gmail.com','Aktif'),(508,'Dinas Komunikasi dan Informatika Provinsi Jawa Barat','Dinas Komunikasi Informatika Persandian dan Statistik Kabupaten Bekasi','Agen Diskom Bekasi',NULL,'diskombekasi@gmail.com','Aktif'),(509,'Dinas Komunikasi dan Informatika Provinsi Jawa Barat','Dinas Komunikasi Informatika dan Persandian Kabupaten Sukabumi','Agen Sukabumi',NULL,'dinaskomunikasiinformatikasukabumi@gmail.com','Aktif'),(510,'Dinas Komunikasi dan Informatika Provinsi Jawa Barat','Dinas Komunikasi Informatika Persandian dan Statistik Kabupaten Cianjur','agen Cianjur',NULL,'dinaskomunikasicianjur@gmail.com','Aktif'),(511,'Dinas Komunikasi dan Informatika Provinsi Jawa Barat','Dinas Komunikasi Informatika Statistik dan Persandian Kabupaten Pangandaran','Agen Diskom Pangandaran',NULL,'diskompangandaran@gmail.com','Aktif'),(512,'Dinas Komunikasi dan Informatika Provinsi Jawa Barat','Dinas Komunikasi dan Informatika Kabupaten Bandung','agen bandung',NULL,'dinaskomunikasikabbandung@gmail.com','Aktif'),(513,'Dinas Komunikasi dan Informatika Provinsi Jawa Barat','Dinas Komunikasi Informatika Statistik dan Persandian Kota Bogor','Agen Diskom Bogor',NULL,'diskombogor@gmail.com','Aktif'),(514,'Dinas Komunikasi dan Informatika Provinsi Jawa Barat','Dinas Komunikasi dan Informatika Kabupaten Garut','agen garut',NULL,'dinaskomunikasigarut@gmail.com','Aktif'),(515,'Dinas Komunikasi dan Informatika Provinsi Jawa Barat','Dinas Komunikasi dan Informatika Kota Sukabumi','Agen Diskom Sukabumi',NULL,'diskomsukabumi@gmail.com','Aktif'),(516,'Dinas Komunikasi dan Informatika Provinsi Jawa Barat','Dinas Komunikasi dan Informatika Kota Bandung','Agen Diskom Bandung',NULL,'diskombandung@gmail.com','Aktif'),(517,'Dinas Komunikasi dan Informatika Provinsi Jawa Barat','Dinas Komunikasi dan Informatika Kabupaten Tasikmalaya','agen tasikmalaya',NULL,'dinaskomunikasitasikmalaya@gmail.com','Aktif'),(518,'Dinas Komunikasi dan Informatika Provinsi Jawa Barat','Dinas Komunikasi dan Informatika Kabupaten Ciamis','Agen Ciamis',NULL,'dinaskomunikasiciamis@gmail.com','Aktif'),(519,'Dinas Komunikasi dan Informatika Provinsi Jawa Barat','Dinas Komunikasi Informatika Statistik dan Persandian Kota Bekasi','Agen Diskom Bekasi',NULL,'diskombekasi@gmail.com','Aktif'),(520,'Dinas Komunikasi dan Informatika Provinsi Jawa Barat','Dinas Komunikasi dan Informatika Kabupaten Kuningan','Agen Kuningan',NULL,'dinaskomunikasikuningan@gmail.com','Aktif'),(521,'Dinas Komunikasi dan Informatika Provinsi Jawa Barat','Dinas Komunikasi dan Informatika Kota Depok','Agen Diskom Depok',NULL,'diskomdepok@gmail.com','Aktif'),(522,'Dinas Komunikasi dan Informatika Provinsi Jawa Barat','Dinas Komunikasi dan Informatika Kabupaten Cirebon','Agen Cirebon',NULL,'dinaskomunikasicirebon@gmail.com','Aktif'),(523,'Dinas Komunikasi dan Informatika Provinsi Jawa Barat','Dinas Komunikasi Informatika Arsip dan Perpustakaan Kota Cimahi','Agen Diskom Cimahi',NULL,'diskomcimahi@gmail.com','Aktif'),(524,'Dinas Komunikasi dan Informatika Provinsi Jawa Barat','Dinas Komunikasi dan Informatika Kota Tasikmalaya','Agen Diskom Tasikmalaya',NULL,'diskomtasikmalaya@gmail.com','Aktif'),(525,'Dinas Komunikasi dan Informatika Provinsi Jawa Barat','Dinas Komunikasi Informatika Persandian dan Statistik Kabupaten Sumedang','Agen Sumedang',NULL,'dinaskomunikasisumedang@gmail.com','Aktif'),(526,'Dinas Komunikasi dan Informatika Provinsi Jawa Barat','Dinas Komunikasi, Informatika dan Statistik Kabupaten Bandung Barat','Agen Diskom Bandung Barat',NULL,'diskombandungbarat@gmail.com','Aktif'),(527,'Dinas Komunikasi dan Informatika Provinsi Jawa Barat','Dinas Komunikasi, Informatika dan Statistik Kota Cirebon','Agen Diskom Cirebon',NULL,'diskomcirebon@gmail.com','Aktif'),(528,'Dinas Komunikasi dan Informatika Provinsi Jawa Barat','Dinas Komunikasi dan Informatika Kabupaten Indramayu','Agen Indramayu',NULL,'dinaskomunikasiindramayu@gmail.com','Aktif'),(529,'Dinas Komunikasi dan Informatika Provinsi Jawa Barat','Dinas Komunikasi dan Informatika Kabupaten Subang','Agen Subang',NULL,'diskominfoSubang@gmail.com','Aktif'),(531,NULL,'Sekretariat Daerah Kabupaten Sumedang','Agen Sekda Kab Sumedang',NULL,'humas_sumedang@yahoo.com','Aktif'),(532,NULL,'Komisi Penyiaran Indonesia daerah','Agen KPID',NULL,'kpid@gmail.com','Aktif'),(533,'Dinas Pendidikan','UPTD  Teknologi Komunikasi dan Informasi Pendidikan','Agen Tikomdik',NULL,'tikomdik@gmail.com','Aktif'),(534,'Dinas Komunikasi dan Informatika Provinsi Jawa Barat','Komisi Informasi','Haris','081322875301','harrishandriawan@gmail.com','Aktif'),(535,NULL,'Badan Narkotika Nasional Provinsi Jawa Barat','Pak Asep','082118696567','asepbnn@gmail.com','Aktif'),(536,NULL,'Badan Narkotika Nasioal Republik Indonesia Kota Bandung','Agen BNN Kota Bandung',NULL,'bnnkota_bandung@bnn.go.id','Aktif'),(537,'Dinas Kehutanan','UPTD Tahura Dinas Kehutanan','Agen Tahura',NULL,'tahuradjuanda.official@gmail.com','Aktif'),(538,NULL,'Pemberdayaan Kesejahteraan Keluarga','Agen PKK',NULL,'asdfggjhjkhk@gmail.com','Aktif'),(539,NULL,'Citarum Harum','Agen Citarum Harum',NULL,'asdfg.hh@gmail.com','Aktif'),(540,NULL,'Jabar Bergerak','Agen Jabar Bergerak',NULL,'jabarbergerak@gmail.com','Aktif'),(541,NULL,'STSN','Agen stsn','0899787979787','stsn@gmail.com','Aktif'),(542,'Dinas Sosial','UPTD PSRPD MENSENETRUWITU','user psrpd',NULL,'psrpd@gmail.com','Aktif'),(543,'Dinas Tanaman Pangan dan Holtikultura','Balai Benih Hortikultura','Herry','087722391354','purnomoherry13@gmail.com','Aktif'),(544,NULL,'TP PKK',NULL,NULL,'asdfgh@gmail.com','Aktif'),(545,'UPTD Laboratorium Energi dan Sumber Daya Mineral','Satuan Pelayanan Labolatorium ESDM',NULL,NULL,'satpellaboratorium@gmail.com','Aktif'),(546,'UPTD Pengelolaan dan Pelayanan Perumahan','Apartemen Transit Rancaekek 2 dan 3',NULL,NULL,'aaaaa@ggggg','Aktif'),(547,'UPTD Pengelolaan dan Pelayanan Perumahan','Apartemen Transit Ujungberung',NULL,NULL,'aaa@ggg','Aktif'),(548,'UPTD Pengelolaan dan Pelayanan Perumahan','Apartemen Transit Batujajar',NULL,NULL,'aaa@ggg','Aktif'),(549,'UPTD Pengelolaan dan Pelayanan Perumahan','Apartemen Transit Solokanjeruk',NULL,NULL,'aaa@ggg','Aktif'),(550,'UPTD Pengelolaan dan Pelayanan Perumahan','Apartemen Transit Rancaekek',NULL,NULL,'aaa@ggg','Aktif'),(551,'UPTD Industri Pangan, Olahan dan Kemasan','Satuan Pelayanan Pengembangan Industri Kemasan Bandung.',NULL,NULL,'aaa@ggg','Aktif');
/*!40000 ALTER TABLE `organisasi` ENABLE KEYS */;
UNLOCK TABLES;

--
-- Table structure for table `checklist_pelayanan`
--

DROP TABLE IF EXISTS `checklist_pelayanan`;
/*!40101 SET @saved_cs_client     = @@character_set_client */;
/*!40101 SET character_set_client = utf8 */;
CREATE TABLE `checklist_pelayanan` (
  `id` int(11) NOT NULL AUTO_INCREMENT,
  `checklist_name` varchar(145) DEFAULT NULL,
  `flow_pelayanan_id` int(11) DEFAULT NULL,
  `isDefault` int(11) DEFAULT NULL,
  `created_at` timestamp NULL DEFAULT CURRENT_TIMESTAMP,
  `updated_at` timestamp NULL DEFAULT CURRENT_TIMESTAMP,
  PRIMARY KEY (`id`)
) ENGINE=InnoDB AUTO_INCREMENT=117 DEFAULT CHARSET=utf8mb4;
/*!40101 SET character_set_client = @saved_cs_client */;

--
-- Dumping data for table `checklist_pelayanan`
--

LOCK TABLES `checklist_pelayanan` WRITE;
/*!40000 ALTER TABLE `checklist_pelayanan` DISABLE KEYS */;
INSERT INTO `checklist_pelayanan` VALUES (55,'Cek 4.1 Aplikasi Valid',134,NULL,'2021-12-07 22:45:47','2021-12-07 22:45:47'),(56,'Cek 4.2 Aplikasi Lengkap',134,NULL,'2021-12-07 22:45:47','2021-12-07 22:45:47'),(57,'Cek 5.1 - Keamanan Login',135,NULL,'2021-12-07 22:45:47','2021-12-07 22:45:47'),(58,'Cek 5.2 - Keamanan File',135,NULL,'2021-12-07 22:45:47','2021-12-07 22:45:47'),(59,'Username email tersedia',139,NULL,'2021-12-10 06:03:57','2021-12-10 06:03:57'),(60,'Password sementara email tersedia',139,NULL,'2021-12-10 06:03:57','2021-12-10 06:03:57'),(61,'Username email tersedia',143,NULL,'2021-12-10 06:09:33','2021-12-10 06:09:33'),(62,'Password sementara email tersedia',143,NULL,'2021-12-10 06:09:33','2021-12-10 06:09:33'),(63,'Username email',147,NULL,'2021-12-10 06:14:48','2021-12-10 06:14:48'),(64,'Password sementara email',147,NULL,'2021-12-10 06:14:48','2021-12-10 06:14:48'),(65,'Surat berisi username dan password sementara',147,NULL,'2021-12-10 06:14:48','2021-12-10 06:14:48'),(66,'BA terkait pemenuhan layanan',147,NULL,'2021-12-10 06:14:48','2021-12-10 06:14:48'),(67,'Username email',151,NULL,'2021-12-10 06:34:13','2021-12-10 06:34:13'),(68,'Password sementara',151,NULL,'2021-12-10 06:34:13','2021-12-10 06:34:13'),(69,'Surat berisi username dan password sementara',151,NULL,'2021-12-10 06:34:13','2021-12-10 06:34:13'),(70,'Berita Acara',151,NULL,'2021-12-10 06:34:13','2021-12-10 06:34:13'),(71,'Kode Pendaftaran',155,NULL,'2021-12-10 06:58:27','2021-12-10 06:58:27'),(72,'Profil Aplikasi',155,NULL,'2021-12-10 06:58:27','2021-12-10 06:58:27'),(73,'Rekomendasi Subdomain',155,NULL,'2021-12-10 06:58:27','2021-12-10 06:58:27'),(74,'Informasi terkait pendaftaran aplikasi',155,NULL,'2021-12-10 06:58:27','2021-12-10 06:58:27'),(75,'BA',155,NULL,'2021-12-10 06:58:27','2021-12-10 06:58:27'),(76,'Username dan password',156,NULL,'2021-12-10 06:58:27','2021-12-10 06:58:27'),(77,'Setor kode sumber terlaksana',156,NULL,'2021-12-10 06:58:27','2021-12-10 06:58:27'),(78,'Informasi terkait setor kode sumber',156,NULL,'2021-12-10 06:58:27','2021-12-10 06:58:27'),(79,'Verifikasi Web Deploy',157,NULL,'2021-12-10 06:58:27','2021-12-10 06:58:27'),(80,'Informasi terkait Web Deploy',157,NULL,'2021-12-10 06:58:27','2021-12-10 06:58:27'),(81,'Informasi perbaikan rekomendasi',158,NULL,'2021-12-10 06:58:27','2021-12-10 06:58:27'),(82,'Surat Penerbitan Status Operasional',159,NULL,'2021-12-10 06:58:27','2021-12-10 06:58:27'),(83,'Informasi terkait Go Live',160,NULL,'2021-12-10 06:58:27','2021-12-10 06:58:27'),(84,'Username email',164,NULL,'2021-12-10 23:13:54','2021-12-10 23:13:54'),(85,'Password sementara',164,NULL,'2021-12-10 23:13:54','2021-12-10 23:13:54'),(86,'Surat',164,NULL,'2021-12-10 23:13:54','2021-12-10 23:13:54'),(87,'BA',164,NULL,'2021-12-10 23:13:54','2021-12-10 23:13:54'),(88,'Cek data',168,NULL,'2021-12-23 18:57:10','2021-12-23 18:57:10'),(89,'Cek File/Dokumen',168,NULL,'2021-12-23 18:57:10','2021-12-23 18:57:10'),(90,'Cek File di Email',169,NULL,'2021-12-23 18:57:10','2021-12-23 18:57:10'),(91,'Cek App Sudah Up Apa belum',169,NULL,'2021-12-23 18:57:10','2021-12-23 18:57:10'),(92,'cek 4 .1',177,NULL,'2022-01-05 04:58:26','2022-01-05 04:58:26'),(93,NULL,213,NULL,'2022-01-06 04:40:34','2022-01-06 04:40:34'),(94,NULL,218,NULL,'2022-01-06 04:46:23','2022-01-06 04:46:23'),(95,'Pemberian laporan hasil pelaksanaan kegiatan pentest/ITSA kepada owner',219,NULL,'2022-01-06 04:46:23','2022-01-06 04:46:23'),(96,NULL,220,NULL,'2022-01-06 04:46:23','2022-01-06 04:46:23'),(97,NULL,224,NULL,'2022-01-06 06:35:40','2022-01-06 06:35:40'),(98,'Pemberian laporan hasil pentest pada owner',225,NULL,'2022-01-06 06:35:40','2022-01-06 06:35:40'),(99,NULL,226,NULL,'2022-01-06 06:35:41','2022-01-06 06:35:41'),(100,'Laporan Layanan Pentest',227,NULL,'2022-01-06 06:35:41','2022-01-06 06:35:41'),(101,'Berita Acara Layanan Pentest',227,NULL,'2022-01-06 06:35:41','2022-01-06 06:35:41'),(102,NULL,242,NULL,'2022-01-06 06:56:31','2022-01-06 06:56:31'),(103,'Akun untuk Deploy Aplikasi',243,NULL,'2022-01-06 06:56:31','2022-01-06 06:56:31'),(104,NULL,244,NULL,'2022-01-06 06:56:32','2022-01-06 06:56:32'),(105,'Pembuatan Laporan Layanan Stagging Server',245,NULL,'2022-01-06 06:56:32','2022-01-06 06:56:32'),(106,'Pembuatan BA Layanan Stagging Server',245,NULL,'2022-01-06 06:56:32','2022-01-06 06:56:32'),(107,NULL,253,NULL,'2022-01-06 07:07:35','2022-01-06 07:07:35'),(108,NULL,254,NULL,'2022-01-06 07:07:35','2022-01-06 07:07:35'),(109,'Surat rekomendasi penerbitan status operasionalisasi Aplikasi',255,NULL,'2022-01-06 07:07:36','2022-01-06 07:07:36'),(110,'BA Layanan penerbitan status operasionalisasi Aplikasi',255,NULL,'2022-01-06 07:07:36','2022-01-06 07:07:36'),(111,'Pengecekkan setor kode sumber pada repository',270,NULL,'2022-01-06 07:24:45','2022-01-06 07:24:45'),(112,'Pengecekkan Deploy aplikasi',271,NULL,'2022-01-06 07:24:46','2022-01-06 07:24:46'),(113,'Pengujian Aplikasi',272,NULL,'2022-01-06 07:24:46','2022-01-06 07:24:46'),(114,'Surat penerbitan status operasional aplikasi',273,NULL,'2022-01-06 07:24:47','2022-01-06 07:24:47'),(115,'Laporan Layanan Aplikasi',274,NULL,'2022-01-06 07:24:47','2022-01-06 07:24:47'),(116,'BA Layanan Aplikasi',274,NULL,'2022-01-06 07:24:47','2022-01-06 07:24:47');
/*!40000 ALTER TABLE `checklist_pelayanan` ENABLE KEYS */;
UNLOCK TABLES;

--
-- Table structure for table `reff_jns_perangkat`
--

DROP TABLE IF EXISTS `reff_jns_perangkat`;
/*!40101 SET @saved_cs_client     = @@character_set_client */;
/*!40101 SET character_set_client = utf8 */;
CREATE TABLE `reff_jns_perangkat` (
  `id_jns_perangkat` varchar(10) NOT NULL,
  `nama_jns_perangkat` varchar(50) NOT NULL,
  PRIMARY KEY (`id_jns_perangkat`)
) ENGINE=InnoDB DEFAULT CHARSET=latin1;
/*!40101 SET character_set_client = @saved_cs_client */;

--
-- Dumping data for table `reff_jns_perangkat`
--

LOCK TABLES `reff_jns_perangkat` WRITE;
/*!40000 ALTER TABLE `reff_jns_perangkat` DISABLE KEYS */;
INSERT INTO `reff_jns_perangkat` VALUES ('PK-001','PC'),('PK-002','Laptop'),('PK-003','Printer'),('PK-004','Gadget');
/*!40000 ALTER TABLE `reff_jns_perangkat` ENABLE KEYS */;
UNLOCK TABLES;

--
-- Table structure for table `team`
--

DROP TABLE IF EXISTS `team`;
/*!40101 SET @saved_cs_client     = @@character_set_client */;
/*!40101 SET character_set_client = utf8 */;
CREATE TABLE `team` (
  `id_team` int(11) NOT NULL AUTO_INCREMENT,
  `name_team` varchar(60) NOT NULL,
  PRIMARY KEY (`id_team`)
) ENGINE=InnoDB AUTO_INCREMENT=34 DEFAULT CHARSET=latin1;
/*!40101 SET character_set_client = @saved_cs_client */;

--
-- Dumping data for table `team`
--

LOCK TABLES `team` WRITE;
/*!40000 ALTER TABLE `team` DISABLE KEYS */;
INSERT INTO `team` VALUES (1,'Layanan Infrastruktur'),(2,'Data Center'),(3,'Bidang Persandian dan Keamanan Informasi '),(4,'Aplikasi dan Telematika'),(6,'Kepegawaian dan Umum'),(21,'Team Email dan Drive jabar'),(23,'Team Pendaftaran Aplikasi'),(24,'Team Repo'),(26,'Team Stagging Server'),(27,'Team Pentest'),(28,'Team Penerbitan Status Operasional'),(29,'Team Go Live'),(30,'Test Team'),(31,'Test TEam 2'),(32,'Test 3'),(33,'Test 4');
/*!40000 ALTER TABLE `team` ENABLE KEYS */;
UNLOCK TABLES;

--
-- Table structure for table `list_checklist_pelayanan`
--

DROP TABLE IF EXISTS `list_checklist_pelayanan`;
/*!40101 SET @saved_cs_client     = @@character_set_client */;
/*!40101 SET character_set_client = utf8 */;
CREATE TABLE `list_checklist_pelayanan` (
  `id` int(11) NOT NULL AUTO_INCREMENT,
  `flow_pelayanan_id` int(11) DEFAULT NULL,
  `checklist_id` int(11) DEFAULT NULL,
  `detail` varchar(145) DEFAULT NULL,
  `status` int(11) DEFAULT NULL,
  `pelayanan_id` int(11) DEFAULT NULL,
  PRIMARY KEY (`id`)
) ENGINE=InnoDB AUTO_INCREMENT=178 DEFAULT CHARSET=utf8mb4;
/*!40101 SET character_set_client = @saved_cs_client */;

--
-- Dumping data for table `list_checklist_pelayanan`
--

LOCK TABLES `list_checklist_pelayanan` WRITE;
/*!40000 ALTER TABLE `list_checklist_pelayanan` DISABLE KEYS */;
INSERT INTO `list_checklist_pelayanan` VALUES (54,134,55,NULL,NULL,19),(55,134,56,NULL,NULL,19),(56,135,57,'Ok Sip',NULL,19),(57,135,58,'Ok',NULL,19),(58,134,55,NULL,NULL,20),(59,134,56,NULL,NULL,20),(60,135,57,NULL,NULL,20),(61,135,58,NULL,NULL,20),(62,134,55,NULL,NULL,21),(63,134,56,NULL,NULL,21),(64,135,57,NULL,NULL,21),(65,135,58,NULL,NULL,21),(66,134,55,NULL,NULL,22),(67,134,56,NULL,NULL,22),(68,135,57,NULL,NULL,22),(69,135,58,NULL,NULL,22),(70,134,55,NULL,NULL,23),(71,134,56,NULL,NULL,23),(72,135,57,NULL,NULL,23),(73,135,58,NULL,NULL,23),(74,134,55,NULL,NULL,24),(75,134,56,NULL,NULL,24),(76,135,57,NULL,NULL,24),(77,135,58,NULL,NULL,24),(78,134,55,NULL,NULL,25),(79,134,56,NULL,NULL,25),(80,135,57,NULL,NULL,25),(81,135,58,NULL,NULL,25),(82,151,67,NULL,NULL,26),(83,151,68,NULL,NULL,26),(84,151,69,NULL,NULL,26),(85,151,70,NULL,NULL,26),(86,151,67,NULL,NULL,27),(87,151,68,NULL,NULL,27),(88,151,69,NULL,NULL,27),(89,151,70,NULL,NULL,27),(90,155,71,NULL,NULL,28),(91,155,72,NULL,NULL,28),(92,155,73,NULL,NULL,28),(93,155,74,NULL,NULL,28),(94,155,75,NULL,NULL,28),(95,156,76,NULL,NULL,28),(96,156,77,NULL,NULL,28),(97,156,78,NULL,NULL,28),(98,157,79,NULL,NULL,28),(99,157,80,NULL,NULL,28),(100,158,81,NULL,NULL,28),(101,159,82,NULL,NULL,28),(102,160,83,NULL,NULL,28),(103,155,71,NULL,NULL,29),(104,155,72,NULL,NULL,29),(105,155,73,NULL,NULL,29),(106,155,74,NULL,NULL,29),(107,155,75,NULL,NULL,29),(108,156,76,NULL,NULL,29),(109,156,77,NULL,NULL,29),(110,156,78,NULL,NULL,29),(111,157,79,NULL,NULL,29),(112,157,80,NULL,NULL,29),(113,158,81,NULL,NULL,29),(114,159,82,NULL,NULL,29),(115,160,83,NULL,NULL,29),(116,155,71,NULL,NULL,30),(117,155,72,NULL,NULL,30),(118,155,73,NULL,NULL,30),(119,155,74,NULL,NULL,30),(120,155,75,NULL,NULL,30),(121,156,76,NULL,NULL,30),(122,156,77,NULL,NULL,30),(123,156,78,NULL,NULL,30),(124,157,79,NULL,NULL,30),(125,157,80,NULL,NULL,30),(126,158,81,NULL,NULL,30),(127,159,82,NULL,NULL,30),(128,160,83,NULL,NULL,30),(129,151,67,NULL,NULL,31),(130,151,68,NULL,NULL,31),(131,151,69,NULL,NULL,31),(132,151,70,NULL,NULL,31),(133,164,84,NULL,NULL,32),(134,164,85,NULL,NULL,32),(135,164,86,NULL,NULL,32),(136,164,87,NULL,NULL,32),(137,164,84,NULL,NULL,33),(138,164,85,NULL,NULL,33),(139,164,86,NULL,NULL,33),(140,164,87,NULL,NULL,33),(141,164,84,NULL,1,34),(142,164,85,NULL,1,34),(143,164,86,NULL,1,34),(144,164,87,NULL,1,34),(145,164,84,NULL,NULL,35),(146,164,85,NULL,NULL,35),(147,164,86,NULL,NULL,35),(148,164,87,NULL,NULL,35),(149,155,71,NULL,NULL,39),(150,155,72,NULL,NULL,39),(151,155,73,NULL,NULL,39),(152,155,74,NULL,NULL,39),(153,155,75,NULL,NULL,39),(154,156,76,NULL,NULL,39),(155,156,77,NULL,NULL,39),(156,156,78,NULL,NULL,39),(157,157,79,NULL,NULL,39),(158,157,80,NULL,NULL,39),(159,158,81,NULL,NULL,39),(160,159,82,NULL,NULL,39),(161,160,83,NULL,NULL,39),(162,164,84,NULL,NULL,42),(163,164,85,NULL,NULL,42),(164,164,86,NULL,NULL,42),(165,164,87,NULL,NULL,42),(166,168,88,NULL,NULL,43),(167,168,89,NULL,NULL,43),(168,169,90,'Ok',NULL,43),(169,169,91,'SUdah up',NULL,43),(170,168,88,NULL,NULL,44),(171,168,89,NULL,NULL,44),(172,169,90,NULL,NULL,44),(173,169,91,NULL,NULL,44),(174,168,88,NULL,NULL,45),(175,168,89,NULL,NULL,45),(176,169,90,NULL,NULL,45),(177,169,91,NULL,NULL,45);
/*!40000 ALTER TABLE `list_checklist_pelayanan` ENABLE KEYS */;
UNLOCK TABLES;

--
-- Table structure for table `permission_role`
--

DROP TABLE IF EXISTS `permission_role`;
/*!40101 SET @saved_cs_client     = @@character_set_client */;
/*!40101 SET character_set_client = utf8 */;
CREATE TABLE `permission_role` (
  `permission_id` int(10) unsigned NOT NULL,
  `role_id` int(10) unsigned NOT NULL,
  PRIMARY KEY (`permission_id`,`role_id`),
  KEY `permission_role_role_id_foreign` (`role_id`)
) ENGINE=InnoDB DEFAULT CHARSET=utf8 COLLATE=utf8_unicode_ci;
/*!40101 SET character_set_client = @saved_cs_client */;

--
-- Dumping data for table `permission_role`
--

LOCK TABLES `permission_role` WRITE;
/*!40000 ALTER TABLE `permission_role` DISABLE KEYS */;
/*!40000 ALTER TABLE `permission_role` ENABLE KEYS */;
UNLOCK TABLES;

--
-- Table structure for table `roles`
--

DROP TABLE IF EXISTS `roles`;
/*!40101 SET @saved_cs_client     = @@character_set_client */;
/*!40101 SET character_set_client = utf8 */;
CREATE TABLE `roles` (
  `id` int(10) unsigned NOT NULL,
  `name` varchar(255) COLLATE utf8_unicode_ci NOT NULL,
  `display_name` varchar(255) COLLATE utf8_unicode_ci DEFAULT NULL,
  `description` varchar(255) COLLATE utf8_unicode_ci DEFAULT NULL,
  `created_at` timestamp NULL DEFAULT NULL,
  `updated_at` timestamp NULL DEFAULT NULL,
  PRIMARY KEY (`id`),
  UNIQUE KEY `roles_name_unique` (`name`)
) ENGINE=InnoDB DEFAULT CHARSET=utf8 COLLATE=utf8_unicode_ci;
/*!40101 SET character_set_client = @saved_cs_client */;

--
-- Dumping data for table `roles`
--

LOCK TABLES `roles` WRITE;
/*!40000 ALTER TABLE `roles` DISABLE KEYS */;
INSERT INTO `roles` VALUES (1,'admin','Admin',NULL,'2017-01-11 20:12:59','2017-01-11 20:12:59'),(2,'user','User',NULL,'2017-01-11 20:12:59','2017-01-11 20:12:59'),(3,'helpdesk','Helpdesk',NULL,'2017-01-11 20:12:59','2017-01-11 20:12:59'),(4,'super_admin','Super Admin',NULL,NULL,NULL),(5,'coordinator_agent','Koordinator Agen',NULL,NULL,NULL),(6,'agent','Agen',NULL,NULL,NULL),(7,'verifikator_pd','Verifikator PD',NULL,NULL,NULL),(9,'eselon_3','Eselon 3',NULL,NULL,NULL),(10,'admin_sop','Admin SOP',NULL,NULL,NULL),(11,'kepala_dinas','Kepala Dinas',NULL,NULL,NULL);
/*!40000 ALTER TABLE `roles` ENABLE KEYS */;
UNLOCK TABLES;

--
-- Table structure for table `sessions`
--

DROP TABLE IF EXISTS `sessions`;
/*!40101 SET @saved_cs_client     = @@character_set_client */;
/*!40101 SET character_set_client = utf8 */;
CREATE TABLE `sessions` (
  `id` varchar(255) NOT NULL,
  `user_id` bigint(20) unsigned DEFAULT NULL,
  `ip_address` varchar(45) DEFAULT NULL,
  `user_agent` text,
  `payload` text NOT NULL,
  `last_activity` int(11) NOT NULL,
  PRIMARY KEY (`id`),
  KEY `sessions_user_id_index` (`user_id`),
  KEY `sessions_last_activity_index` (`last_activity`)
) ENGINE=InnoDB DEFAULT CHARSET=latin1;
/*!40101 SET character_set_client = @saved_cs_client */;

--
-- Dumping data for table `sessions`
--

LOCK TABLES `sessions` WRITE;
/*!40000 ALTER TABLE `sessions` DISABLE KEYS */;
INSERT INTO `sessions` VALUES ('5tqtsYz22Gde3EmRMfBHD0veK2OmgwkxWsQLosUW',NULL,'10.15.3.74','Mozilla/5.0 (X11; Linux x86_64) AppleWebKit/537.36 (KHTML, like Gecko) Chrome/92.0.4515.159 Safari/537.36','YTozOntzOjY6Il90b2tlbiI7czo0MDoiazk0UHNNaVVyemZOb2k5ZGRScHY4NjFGSlF4YmxocnZTUDFjVTM4VyI7czo5OiJfcHJldmlvdXMiO2E6MTp7czozOiJ1cmwiO3M6MzE6Imh0dHA6Ly8xMDMuMTIyLjUuMTMvc2VydmljZWRlc2siO31zOjY6Il9mbGFzaCI7YToyOntzOjM6Im9sZCI7YTowOnt9czozOiJuZXciO2E6MDp7fX19',1632214800),('yo2j90PDP5N2HXWdSDlkxN4n6wNL4l2OtzNpdsDT',100120210107,'10.15.3.43','Mozilla/5.0 (Windows NT 10.0; Win64; x64) AppleWebKit/537.36 (KHTML, like Gecko) Chrome/93.0.4577.82 Safari/537.36','YTo5OntzOjY6Il90b2tlbiI7czo0MDoiRlhKb2JOb2RqNThmY1k1WU9oZkNrUlh0eXMyQVZaUGVTV2N3RHZXOCI7czo5OiJfcHJldmlvdXMiO2E6MTp7czozOiJ1cmwiO3M6MzY6Imh0dHA6Ly8xMDMuMTIyLjUuMTMvc2VydmljZWRlc2svaG9tZSI7fXM6NjoiX2ZsYXNoIjthOjI6e3M6Mzoib2xkIjthOjA6e31zOjM6Im5ldyI7YTowOnt9fXM6ODoibG9nZ2VkaW4iO2I6MTtzOjY6InN0YXR1cyI7czo2OiJsb2dnZWQiO3M6NTA6ImxvZ2luX3dlYl81OWJhMzZhZGRjMmIyZjk0MDE1ODBmMDE0YzdmNThlYTRlMzA5ODlkIjtzOjEyOiIxMDAxMjAyMTAxMDciO3M6NDoibmFtZSI7czoxODoiMTk5NTA3MTcyMDIwMTIxMDA0IjtzOjU6ImVtYWlsIjtzOjM0OiIxOTk1MDcxNzIwMjAxMjEwMDRAamFiYXJwcm92LmdvLmlkIjtzOjEwOiJuYW1hX2RlcGFuIjtzOjI2OiJSRVpBIEFMRElBTiBISURBWUFULCBTLktvbSI7fQ==',1631775220);
/*!40000 ALTER TABLE `sessions` ENABLE KEYS */;
UNLOCK TABLES;

--
-- Table structure for table `chat_support_attachment`
--

DROP TABLE IF EXISTS `chat_support_attachment`;
/*!40101 SET @saved_cs_client     = @@character_set_client */;
/*!40101 SET character_set_client = utf8 */;
CREATE TABLE `chat_support_attachment` (
  `id` int(11) NOT NULL AUTO_INCREMENT,
  `chat_id` int(11) DEFAULT NULL,
  `pelayanan_id` int(11) DEFAULT NULL,
  `filename` varchar(100) DEFAULT NULL,
  `updated_at` timestamp NULL DEFAULT NULL,
  `created_at` timestamp NULL DEFAULT NULL,
  PRIMARY KEY (`id`)
) ENGINE=InnoDB AUTO_INCREMENT=33 DEFAULT CHARSET=utf8mb4;
/*!40101 SET character_set_client = @saved_cs_client */;

--
-- Dumping data for table `chat_support_attachment`
--

LOCK TABLES `chat_support_attachment` WRITE;
/*!40000 ALTER TABLE `chat_support_attachment` DISABLE KEYS */;
INSERT INTO `chat_support_attachment` VALUES (11,16,19,'2Ruq520211209095734.pptx','2021-12-09 02:57:34','2021-12-09 02:57:34'),(12,17,19,'20211209100747_SSO.pptx.pptx','2021-12-09 03:07:47','2021-12-09 03:07:47'),(13,18,19,'20211209100903_WhatsApp Image 2021-12-08 at 10.54.43 AM.jpeg','2021-12-09 03:09:03','2021-12-09 03:09:03'),(14,19,19,'20211209101228_WhatsApp_Image_2021-12-08_at_10.54.43_AM.jpeg','2021-12-09 03:12:28','2021-12-09 03:12:28'),(15,20,19,'20211209101413_asdf.txt','2021-12-09 03:14:13','2021-12-09 03:14:13'),(16,21,19,'20211209101437_WhatsApp_Image_2021-12-08_at_10.54.43_AM.jpeg','2021-12-09 03:14:37','2021-12-09 03:14:37'),(17,22,19,'20211209101752_Daftar_Hadir_Raefaldhi.docx','2021-12-09 03:17:52','2021-12-09 03:17:52'),(18,25,23,'20211210082038_pexels-pok-rie-132037.jpg','2021-12-10 01:20:38','2021-12-10 01:20:38'),(19,26,24,'20211210093533_Survey_Kebutuhan_Teknologi_dan_Kapasitas_PDN.pdf.pdf','2021-12-10 02:35:33','2021-12-10 02:35:33'),(20,27,24,'20211210094816_Survey_Kebutuhan_Teknologi_dan_Kapasitas_PDN.pdf.pdf','2021-12-10 02:48:16','2021-12-10 02:48:16'),(21,28,23,'20211210102137_20211208-2021-12-08inbox_files164159.pdf','2021-12-10 03:21:37','2021-12-10 03:21:37'),(22,29,22,'20211210010712_20211209101752_Daftar_Hadir_Raefaldhi_(2).docx','2021-12-10 06:07:13','2021-12-10 06:07:13'),(23,30,26,'20211210023402_1638961047_signed.pdf','2021-12-10 07:34:02','2021-12-10 07:34:02'),(24,31,26,'20211210023507_20211208-2021-12-08inbox_files164159.pdf','2021-12-10 07:35:07','2021-12-10 07:35:07'),(25,32,27,'20211210025336_20211208-2021-12-08inbox_files164159.pdf','2021-12-10 07:53:36','2021-12-10 07:53:36'),(26,33,27,'20211210025352_20211208-2021-12-08inbox_files164159.pdf','2021-12-10 07:53:52','2021-12-10 07:53:52'),(27,34,27,'20211210030114_Pembuatan_List_Pengerjaan_Service_Desk_8-12-2021_(13.00-16.00).pdf','2021-12-10 08:01:14','2021-12-10 08:01:14'),(28,35,27,'20211210030137_Pembuatan_List_Pengerjaan_Service_Desk_8-12-2021_(13.00-16.00).pdf','2021-12-10 08:01:37','2021-12-10 08:01:37'),(29,39,29,'20211210083424_20211208-2021-12-08inbox_files164159.pdf','2021-12-10 13:34:24','2021-12-10 13:34:24'),(30,40,29,'20211210094206_20211208-2021-12-08inbox_files164159.pdf','2021-12-10 14:42:06','2021-12-10 14:42:06'),(31,41,29,'20211210094402_Pembuatan_List_Pengerjaan_Service_Desk_8-12-2021_(13.00-16.00).pdf','2021-12-10 14:44:02','2021-12-10 14:44:02'),(32,44,35,'20211211065706_Pembuatan_List_Pengerjaan_Service_Desk_8-12-2021_(13.00-16.00).pdf','2021-12-10 23:57:06','2021-12-10 23:57:06');
/*!40000 ALTER TABLE `chat_support_attachment` ENABLE KEYS */;
UNLOCK TABLES;

--
-- Table structure for table `reff_ssjns_pelayanan`
--

DROP TABLE IF EXISTS `reff_ssjns_pelayanan`;
/*!40101 SET @saved_cs_client     = @@character_set_client */;
/*!40101 SET character_set_client = utf8 */;
CREATE TABLE `reff_ssjns_pelayanan` (
  `id_ssjns` int(11) NOT NULL,
  `id_sjns` int(11) DEFAULT NULL,
  `id_pelayanan` int(11) DEFAULT NULL,
  `ssjns` varchar(150) DEFAULT NULL,
  PRIMARY KEY (`id_ssjns`)
) ENGINE=InnoDB DEFAULT CHARSET=latin1;
/*!40101 SET character_set_client = @saved_cs_client */;

--
-- Dumping data for table `reff_ssjns_pelayanan`
--

LOCK TABLES `reff_ssjns_pelayanan` WRITE;
/*!40000 ALTER TABLE `reff_ssjns_pelayanan` DISABLE KEYS */;
INSERT INTO `reff_ssjns_pelayanan` VALUES (1,18,5,'Laporan Insiden'),(2,18,5,'Laporan Indikator Malwere'),(3,18,5,'Laporan Pishing'),(4,18,5,'Laporan Kerentanan'),(5,18,5,'Laporan Indikator Serangan'),(6,19,5,'Digital Signature'),(7,19,5,'Email Protection'),(8,19,5,'Document Protection'),(9,19,5,'SSL Server'),(10,19,5,'SSl Client');
/*!40000 ALTER TABLE `reff_ssjns_pelayanan` ENABLE KEYS */;
UNLOCK TABLES;

--
-- Table structure for table `taskattachment`
--

DROP TABLE IF EXISTS `taskattachment`;
/*!40101 SET @saved_cs_client     = @@character_set_client */;
/*!40101 SET character_set_client = utf8 */;
CREATE TABLE `taskattachment` (
  `id` int(11) NOT NULL,
  `filename` varchar(100) DEFAULT NULL,
  `pelayanan_id` int(11) DEFAULT NULL,
  `created_at` timestamp NULL DEFAULT NULL,
  `updated_at` timestamp NULL DEFAULT NULL,
  `agent_task_id` varchar(100) DEFAULT NULL,
  PRIMARY KEY (`id`)
) ENGINE=InnoDB DEFAULT CHARSET=utf8mb4;
/*!40101 SET character_set_client = @saved_cs_client */;

--
-- Dumping data for table `taskattachment`
--

LOCK TABLES `taskattachment` WRITE;
/*!40000 ALTER TABLE `taskattachment` DISABLE KEYS */;
/*!40000 ALTER TABLE `taskattachment` ENABLE KEYS */;
UNLOCK TABLES;
/*!40103 SET TIME_ZONE=@OLD_TIME_ZONE */;

/*!40101 SET SQL_MODE=@OLD_SQL_MODE */;
/*!40014 SET FOREIGN_KEY_CHECKS=@OLD_FOREIGN_KEY_CHECKS */;
/*!40014 SET UNIQUE_CHECKS=@OLD_UNIQUE_CHECKS */;
/*!40101 SET CHARACTER_SET_CLIENT=@OLD_CHARACTER_SET_CLIENT */;
/*!40101 SET CHARACTER_SET_RESULTS=@OLD_CHARACTER_SET_RESULTS */;
/*!40101 SET COLLATION_CONNECTION=@OLD_COLLATION_CONNECTION */;
/*!40111 SET SQL_NOTES=@OLD_SQL_NOTES */;

-- Dump completed on 2022-04-18 22:03:07
